{"type": "FeatureCollection", "crs": {"type": "name", "properties": {"name": "urn:ogc:def:crs:OGC:1.3:CRS84"}}, "metadata": {"feature": "P1-02", "h3_resolution": 9, "cell_count": 265, "cells_by_centre": 248, "cells_by_area_rule": 17, "inclusion_rule": "A cell is included when its centre lies inside the pilot boundary, OR when at least min_area_fraction of the cell's area falls inside it. Every indicator is then computed over the CLIPPED geometry (cell intersect boundary), never the whole hexagon, so no cell can carry values from outside the pilot area. Cells must cover at least 99% of the boundary area. Revised in P1-02 from an original 0.50 threshold; see DECISIONS.md D15.", "min_area_fraction": 0.25, "indicators_use": "the clipped geometry (cell intersect boundary), not the hexagon", "clipped_area_km2": 25.1451, "hexagon_area_km2": 27.0797, "boundary_coverage": 0.991154, "areas_measured_in": "EPSG:32642", "boundary_source": "data/processed/pilot_area.geojson (P1-01)", "licence": "ODbL 1.0 - derived from OpenStreetMap, (c) OpenStreetMap contributors", "generated": "2026-09-26", "generated_by": "uv run python -m pipeline.grid (feature P1-02)", "decision": "D3 and D15 (see DECISIONS.md)"}, "features": [{"type": "Feature", "geometry": {"type": "Polygon", "coordinates": [[[67.14814701122903, 24.86039889381525], [67.14917365216593, 24.85889106014569], [67.15121077713276, 24.858863344871427], [67.15222135167919, 24.860343467848224], [67.1511947512924, 24.861851354899628], [67.14915753580577, 24.861879065592195], [67.14814701122903, 24.86039889381525]]]}, "properties": {"h3": "8942e441927ffff", "area_km2": 0.102216, "clipped_area_km2": 0.091558, "inside_fraction": 0.895736, "centre_inside": true}}, {"type": "Feature", "geometry": {"type": "Polygon", "coordinates": [[[67.14816317213057, 24.85741095126311], [67.14918976709359, 24.855903175905063], [67.15122680154867, 24.855875456049716], [67.15223733154923, 24.857355516133307], [67.15121077713276, 24.858863344871427], [67.14917365216593, 24.85889106014569], [67.14816317213057, 24.85741095126311]]]}, "properties": {"h3": "8942e44192fffff", "area_km2": 0.102209, "clipped_area_km2": 0.072454, "inside_fraction": 0.708876, "centre_inside": true}}, {"type": "Feature", "geometry": {"type": "Polygon", "coordinates": [[[67.20024196905754, 24.82831534577148], [67.20126704749974, 24.82680771422664], [67.20330336866392, 24.826779245318065], [67.20431470183192, 24.828258412405024], [67.20328966405862, 24.82976609725806], [67.20125325244511, 24.829794561715758], [67.20024196905754, 24.82831534577148]]]}, "properties": {"h3": "8942e44c417ffff", "area_km2": 0.102158, "clipped_area_km2": 0.047306, "inside_fraction": 0.463073, "centre_inside": false}}, {"type": "Feature", "geometry": {"type": "Polygon", "coordinates": [[[67.2063510767147, 24.828229904211145], [67.20737602798005, 24.82672222448685], [67.20941236612177, 24.82669367256389], [67.21042384344577, 24.828172804801273], [67.20939893286764, 24.829680537827223], [67.207362504275, 24.829709085313947], [67.2063510767147, 24.828229904211145]]]}, "properties": {"h3": "8942e44c433ffff", "area_km2": 0.102159, "clipped_area_km2": 0.074738, "inside_fraction": 0.731586, "centre_inside": true}}, {"type": "Feature", "geometry": {"type": "Polygon", "coordinates": [[[67.20939893286764, 24.829680537827223], [67.21042384344577, 24.828172804801273], [67.21246023528383, 24.828144213584945], [67.21347180699624, 24.8296233598236], [67.21244693711633, 24.83113114614884], [67.21041045482251, 24.83115973293596], [67.20939893286764, 24.829680537827223]]]}, "properties": {"h3": "8942e44c437ffff", "area_km2": 0.102162, "clipped_area_km2": 0.059216, "inside_fraction": 0.579629, "centre_inside": true}}, {"type": "Feature", "geometry": {"type": "Polygon", "coordinates": [[[67.19411880020071, 24.831387430795694], [67.19514405164487, 24.82987978903338], [67.19718044623313, 24.829851407603268], [67.19819167982966, 24.831330672401364], [67.19716646903959, 24.832838367480136], [67.1951299839956, 24.832866744444143], [67.19411880020071, 24.831387430795694]]]}, "properties": {"h3": "8942e44c483ffff", "area_km2": 0.102163, "clipped_area_km2": 0.102163, "inside_fraction": 1.0, "centre_inside": true}}, {"type": "Feature", "geometry": {"type": "Polygon", "coordinates": [[[67.19716646903959, 24.832838367480136], [67.19819167982966, 24.831330672401364], [67.20022812816356, 24.83130225168697], [67.20123945616467, 24.8327815305102], [67.20021428603967, 24.834289278903025], [67.1981777472452, 24.834317695158358], [67.19716646903959, 24.832838367480136]]]}, "properties": {"h3": "8942e44c487ffff", "area_km2": 0.102167, "clipped_area_km2": 0.102167, "inside_fraction": 1.0, "centre_inside": true}}, {"type": "Feature", "geometry": {"type": "Polygon", "coordinates": [[[67.19413291245067, 24.828400538270333], [67.19515811804423, 24.82689295492617], [67.19719442218478, 24.826864569030526], [67.19820561117618, 24.828343770944393], [67.19718044623313, 24.829851407603268], [67.19514405164487, 24.82987978903338], [67.19413291245067, 24.828400538270333]]]}, "properties": {"h3": "8942e44c48bffff", "area_km2": 0.102157, "clipped_area_km2": 0.042355, "inside_fraction": 0.414607, "centre_inside": false}}, {"type": "Feature", "geometry": {"type": "Polygon", "coordinates": [[[67.19718044623313, 24.829851407603268], [67.19820561117618, 24.828343770944393], [67.20024196905754, 24.82831534577148], [67.20125325244511, 24.829794561715758], [67.20022812816356, 24.83130225168697], [67.19819167982966, 24.831330672401364], [67.19718044623313, 24.829851407603268]]]}, "properties": {"h3": "8942e44c48fffff", "area_km2": 0.10216, "clipped_area_km2": 0.072456, "inside_fraction": 0.70924, "centre_inside": true}}, {"type": "Feature", "geometry": {"type": "Polygon", "coordinates": [[[67.19105703097033, 24.832923415331067], [67.1920823689159, 24.831415768475917], [67.19411880020071, 24.831387430795694], [67.1951299839956, 24.832866744444143], [67.19410468669673, 24.83437444461986], [67.19206816495299, 24.834402777826373], [67.19105703097033, 24.832923415331067]]]}, "properties": {"h3": "8942e44c493ffff", "area_km2": 0.102166, "clipped_area_km2": 0.102166, "inside_fraction": 1.0, "centre_inside": true}}, {"type": "Feature", "geometry": {"type": "Polygon", "coordinates": [[[67.19410468669673, 24.83437444461986], [67.1951299839956, 24.832866744444143], [67.19716646903959, 24.832838367480136], [67.1981777472452, 24.834317695158358], [67.197152490604, 24.83582544865228], [67.19511591509624, 24.83585382114959], [67.19410468669673, 24.83437444461986]]]}, "properties": {"h3": "8942e44c497ffff", "area_km2": 0.102169, "clipped_area_km2": 0.102169, "inside_fraction": 1.0, "centre_inside": true}}, {"type": "Feature", "geometry": {"type": "Polygon", "coordinates": [[[67.19107127952947, 24.82993646886717], [67.19209657161677, 24.828428880423704], [67.19413291245067, 24.828400538270333], [67.19514405164487, 24.82987978903338], [67.19411880020071, 24.831387430795694], [67.1920823689159, 24.831415768475917], [67.19107127952947, 24.82993646886717]]]}, "properties": {"h3": "8942e44c49bffff", "area_km2": 0.102159, "clipped_area_km2": 0.102159, "inside_fraction": 1.0, "centre_inside": true}}, {"type": "Feature", "geometry": {"type": "Polygon", "coordinates": [[[67.20327595823552, 24.832753070503976], [67.20430104184462, 24.831245327222835], [67.20633750718153, 24.83121682347279], [67.20734897936823, 24.83269606744813], [67.20632393644257, 24.834203864036816], [67.20428738064348, 24.83423236334242], [67.20327595823552, 24.832753070503976]]]}, "properties": {"h3": "8942e44c4a3ffff", "area_km2": 0.102167, "clipped_area_km2": 0.102167, "inside_fraction": 1.0, "centre_inside": true}}, {"type": "Feature", "geometry": {"type": "Polygon", "coordinates": [[[67.20632393644257, 24.834203864036816], [67.20734897936823, 24.83269606744813], [67.20938549841985, 24.832667524398225], [67.2103970650095, 24.8341467823742], [67.20937206277823, 24.835654632268046], [67.20733545325962, 24.835683170880554], [67.20632393644257, 24.834203864036816]]]}, "properties": {"h3": "8942e44c4a7ffff", "area_km2": 0.102171, "clipped_area_km2": 0.102171, "inside_fraction": 1.0, "centre_inside": true}}, {"type": "Feature", "geometry": {"type": "Polygon", "coordinates": [[[67.20328966405862, 24.82976609725806], [67.20431470183192, 24.828258412405024], [67.2063510767147, 24.828229904211145], [67.207362504275, 24.829709085313947], [67.20633750718153, 24.83121682347279], [67.20430104184462, 24.831245327222835], [67.20328966405862, 24.82976609725806]]]}, "properties": {"h3": "8942e44c4abffff", "area_km2": 0.102161, "clipped_area_km2": 0.102161, "inside_fraction": 1.0, "centre_inside": true}}, {"type": "Feature", "geometry": {"type": "Polygon", "coordinates": [[[67.20633750718153, 24.83121682347279], [67.207362504275, 24.829709085313947], [67.20939893286764, 24.829680537827223], [67.21041045482251, 24.83115973293596], [67.20938549841985, 24.832667524398225], [67.20734897936823, 24.83269606744813], [67.20633750718153, 24.83121682347279]]]}, "properties": {"h3": "8942e44c4afffff", "area_km2": 0.102165, "clipped_area_km2": 0.102165, "inside_fraction": 1.0, "centre_inside": true}}, {"type": "Feature", "geometry": {"type": "Polygon", "coordinates": [[[67.20021428603967, 24.834289278903025], [67.20123945616467, 24.8327815305102], [67.20327595823552, 24.832753070503976], [67.20428738064348, 24.83423236334242], [67.2032622511945, 24.835740165046925], [67.20122565865826, 24.83576862060111], [67.20021428603967, 24.834289278903025]]]}, "properties": {"h3": "8942e44c4b3ffff", "area_km2": 0.10217, "clipped_area_km2": 0.10217, "inside_fraction": 1.0, "centre_inside": true}}, {"type": "Feature", "geometry": {"type": "Polygon", "coordinates": [[[67.2032622511945, 24.835740165046925], [67.20428738064348, 24.83423236334242], [67.20632393644257, 24.834203864036816], [67.20733545325962, 24.835683170880554], [67.20631036449763, 24.837191025894356], [67.20427371822832, 24.837219520754935], [67.2032622511945, 24.835740165046925]]]}, "properties": {"h3": "8942e44c4b7ffff", "area_km2": 0.102174, "clipped_area_km2": 0.102174, "inside_fraction": 1.0, "centre_inside": true}}, {"type": "Feature", "geometry": {"type": "Polygon", "coordinates": [[[67.20022812816356, 24.83130225168697], [67.20125325244511, 24.829794561715758], [67.20328966405862, 24.82976609725806], [67.20430104184462, 24.831245327222835], [67.20327595823552, 24.832753070503976], [67.20123945616467, 24.8327815305102], [67.20022812816356, 24.83130225168697]]]}, "properties": {"h3": "8942e44c4bbffff", "area_km2": 0.102164, "clipped_area_km2": 0.102164, "inside_fraction": 1.0, "centre_inside": true}}, {"type": "Feature", "geometry": {"type": "Polygon", "coordinates": [[[67.19109977284992, 24.823962939855306], [67.192124973233, 24.82245546824932], [67.19416113318918, 24.822427117151463], [67.19517218319385, 24.823906242131336], [67.19414702344676, 24.825413767052655], [67.19211077305575, 24.825442113678562], [67.19109977284992, 24.823962939855306]]]}, "properties": {"h3": "8942e44c4c3ffff", "area_km2": 0.102147, "clipped_area_km2": 0.077585, "inside_fraction": 0.759542, "centre_inside": true}}, {"type": "Feature", "geometry": {"type": "Polygon", "coordinates": [[[67.19111401761162, 24.820976357324994], [67.19213917214873, 24.819468944144845], [67.1941752416781, 24.81944058857562], [67.19518624709387, 24.82091965065772], [67.19416113318918, 24.822427117151463], [67.192124973233, 24.82245546824932], [67.19111401761162, 24.820976357324994]]]}, "properties": {"h3": "8942e44c4cbffff", "area_km2": 0.102141, "clipped_area_km2": 0.069478, "inside_fraction": 0.680224, "centre_inside": true}}, {"type": "Feature", "geometry": {"type": "Polygon", "coordinates": [[[67.1880382893554, 24.825498723926636], [67.18906357621715, 24.823991247219034], [67.19109977284992, 24.823962939855306], [67.19211077305575, 24.825442113678562], [67.1910855268226, 24.82694964370564], [67.18904923975178, 24.826977946589793], [67.1880382893554, 24.825498723926636]]]}, "properties": {"h3": "8942e44c4d3ffff", "area_km2": 0.102149, "clipped_area_km2": 0.102149, "inside_fraction": 1.0, "centre_inside": true}}, {"type": "Feature", "geometry": {"type": "Polygon", "coordinates": [[[67.1910855268226, 24.82694964370564], [67.19211077305575, 24.825442113678562], [67.19414702344676, 24.825413767052655], [67.19515811804423, 24.82689295492617], [67.19413291245067, 24.828400538270333], [67.19209657161677, 24.828428880423704], [67.1910855268226, 24.82694964370564]]]}, "properties": {"h3": "8942e44c4d7ffff", "area_km2": 0.102153, "clipped_area_km2": 0.101162, "inside_fraction": 0.990302, "centre_inside": true}}, {"type": "Feature", "geometry": {"type": "Polygon", "coordinates": [[[67.18805267040072, 24.822512087455948], [67.18907791140884, 24.82100466916769], [67.19111401761162, 24.820976357324994], [67.192124973233, 24.82245546824932], [67.19109977284992, 24.823962939855306], [67.18906357621715, 24.823991247219034], [67.18805267040072, 24.822512087455948]]]}, "properties": {"h3": "8942e44c4dbffff", "area_km2": 0.102143, "clipped_area_km2": 0.102143, "inside_fraction": 1.0, "centre_inside": true}}, {"type": "Feature", "geometry": {"type": "Polygon", "coordinates": [[[67.2154555932323, 24.841543456483127], [67.21648055986748, 24.840035441555777], [67.2185173304924, 24.840006784977327], [67.21952922496838, 24.841486147742913], [67.21850429906411, 24.84299421596998], [67.21646743794966, 24.84302286813155], [67.2154555932323, 24.841543456483127]]]}, "properties": {"h3": "8942e44c583ffff", "area_km2": 0.102188, "clipped_area_km2": 0.099638, "inside_fraction": 0.975045, "centre_inside": true}}, {"type": "Feature", "geometry": {"type": "Polygon", "coordinates": [[[67.21546875980961, 24.83855609275576], [67.21649368061921, 24.83704813625877], [67.21853036076267, 24.837019475263997], [67.2195422105747, 24.838498775182345], [67.2185173304924, 24.840006784977327], [67.21648055986748, 24.840035441555777], [67.21546875980961, 24.83855609275576]]]}, "properties": {"h3": "8942e44c58bffff", "area_km2": 0.102182, "clipped_area_km2": 0.073033, "inside_fraction": 0.714737, "centre_inside": true}}, {"type": "Feature", "geometry": {"type": "Polygon", "coordinates": [[[67.21239373262777, 24.843080089357244], [67.21341878581607, 24.841572069308132], [67.2154555932323, 24.841543456483127], [67.21646743794966, 24.84302286813155], [67.21544242548484, 24.84453094148451], [67.21340552757587, 24.844559549884995], [67.21239373262777, 24.843080089357244]]]}, "properties": {"h3": "8942e44c593ffff", "area_km2": 0.102191, "clipped_area_km2": 0.102191, "inside_fraction": 1.0, "centre_inside": true}}, {"type": "Feature", "geometry": {"type": "Polygon", "coordinates": [[[67.21544242548484, 24.84453094148451], [67.21646743794966, 24.84302286813155], [67.21850429906411, 24.84299421596998], [67.21951623820796, 24.84447364157867], [67.21849126647759, 24.845981768233113], [67.2164543148656, 24.846010415977194], [67.21544242548484, 24.84453094148451]]]}, "properties": {"h3": "8942e44c597ffff", "area_km2": 0.102194, "clipped_area_km2": 0.039801, "inside_fraction": 0.389462, "centre_inside": false}}, {"type": "Feature", "geometry": {"type": "Polygon", "coordinates": [[[67.21240703552301, 24.840092671629915], [67.21343204287808, 24.83858471000471], [67.21546875980961, 24.83855609275576], [67.21648055986748, 24.840035441555777], [67.2154555932323, 24.841543456483127], [67.21341878581607, 24.841572069308132], [67.21240703552301, 24.840092671629915]]]}, "properties": {"h3": "8942e44c59bffff", "area_km2": 0.102185, "clipped_area_km2": 0.102185, "inside_fraction": 1.0, "centre_inside": true}}, {"type": "Feature", "geometry": {"type": "Polygon", "coordinates": [[[67.21243363776713, 24.834118200016874], [67.21345855346799, 24.83261035525358], [67.21549508945428, 24.832581729158555], [67.21650680020501, 24.834060952249374], [67.21548192521688, 24.835568850311287], [67.21344529876198, 24.83559747198357], [67.21243363776713, 24.834118200016874]]]}, "properties": {"h3": "8942e44c5c3ffff", "area_km2": 0.102172, "clipped_area_km2": 0.09571, "inside_fraction": 0.936754, "centre_inside": true}}, {"type": "Feature", "geometry": {"type": "Polygon", "coordinates": [[[67.21244693711633, 24.83113114614884], [67.21347180699624, 24.8296233598236], [67.21550825252196, 24.8295947293064], [67.21651991862504, 24.83107388953642], [67.21549508945428, 24.832581729158555], [67.21345855346799, 24.83261035525358], [67.21244693711633, 24.83113114614884]]]}, "properties": {"h3": "8942e44c5cbffff", "area_km2": 0.102166, "clipped_area_km2": 0.04404, "inside_fraction": 0.43106, "centre_inside": true}}, {"type": "Feature", "geometry": {"type": "Polygon", "coordinates": [[[67.20937206277823, 24.835654632268046], [67.2103970650095, 24.8341467823742], [67.21243363776713, 24.834118200016874], [67.21344529876198, 24.83559747198357], [67.21242033723607, 24.83710537518018], [67.21038367400662, 24.837133953107145], [67.20937206277823, 24.835654632268046]]]}, "properties": {"h3": "8942e44c5d3ffff", "area_km2": 0.102175, "clipped_area_km2": 0.102175, "inside_fraction": 1.0, "centre_inside": true}}, {"type": "Feature", "geometry": {"type": "Polygon", "coordinates": [[[67.21242033723607, 24.83710537518018], [67.21344529876198, 24.83559747198357], [67.21548192521688, 24.835568850311287], [67.21649368061921, 24.83704813625877], [67.21546875980961, 24.83855609275576], [67.21343204287808, 24.83858471000471], [67.21242033723607, 24.83710537518018]]]}, "properties": {"h3": "8942e44c5d7ffff", "area_km2": 0.102178, "clipped_area_km2": 0.102178, "inside_fraction": 1.0, "centre_inside": true}}, {"type": "Feature", "geometry": {"type": "Polygon", "coordinates": [[[67.20938549841985, 24.832667524398225], [67.21041045482251, 24.83115973293596], [67.21244693711633, 24.83113114614884], [67.21345855346799, 24.83261035525358], [67.21243363776713, 24.834118200016874], [67.2103970650095, 24.8341467823742], [67.20938549841985, 24.832667524398225]]]}, "properties": {"h3": "8942e44c5dbffff", "area_km2": 0.102168, "clipped_area_km2": 0.102168, "inside_fraction": 1.0, "centre_inside": true}}, {"type": "Feature", "geometry": {"type": "Polygon", "coordinates": [[[67.1787199312278, 24.856992485417305], [67.17974589060164, 24.855484468081357], [67.18178301152051, 24.855456332505995], [67.18279426358225, 24.856936218774184], [67.18176834484693, 24.858444289457704], [67.17973113340805, 24.858472420525274], [67.1787199312278, 24.856992485417305]]]}, "properties": {"h3": "8942e44e003ffff", "area_km2": 0.102214, "clipped_area_km2": 0.102214, "inside_fraction": 1.0, "centre_inside": true}}, {"type": "Feature", "geometry": {"type": "Polygon", "coordinates": [[[67.18176834484693, 24.858444289457704], [67.18279426358225, 24.856936218774184], [67.18483143834348, 24.856908043874938], [67.18584278489091, 24.858387944159766], [67.18481690680508, 24.85989606818847], [67.18277964151902, 24.85992423858696], [67.18176834484693, 24.858444289457704]]]}, "properties": {"h3": "8942e44e007ffff", "area_km2": 0.102218, "clipped_area_km2": 0.102218, "inside_fraction": 1.0, "centre_inside": true}}, {"type": "Feature", "geometry": {"type": "Polygon", "coordinates": [[[67.17873473302332, 24.854004595839747], [67.17976064648356, 24.852496636861215], [67.18179767689045, 24.85246849677865], [67.1828088843458, 24.853948320181633], [67.18178301152051, 24.855456332505995], [67.17974589060164, 24.855484468081357], [67.17873473302332, 24.854004595839747]]]}, "properties": {"h3": "8942e44e00bffff", "area_km2": 0.102208, "clipped_area_km2": 0.102208, "inside_fraction": 1.0, "centre_inside": true}}, {"type": "Feature", "geometry": {"type": "Polygon", "coordinates": [[[67.18178301152051, 24.855456332505995], [67.1828088843458, 24.853948320181633], [67.18484596859022, 24.853920140782197], [67.18585727052285, 24.855399978207124], [67.18483143834348, 24.856908043874938], [67.18279426358225, 24.856936218774184], [67.18178301152051, 24.855456332505995]]]}, "properties": {"h3": "8942e44e00fffff", "area_km2": 0.102211, "clipped_area_km2": 0.102211, "inside_fraction": 1.0, "centre_inside": true}}, {"type": "Feature", "geometry": {"type": "Polygon", "coordinates": [[[67.1756567277222, 24.858528599498424], [67.17668277364483, 24.8570205771615], [67.1787199312278, 24.856992485417305], [67.17973113340805, 24.858472420525274], [67.17870512811653, 24.85998049621389], [67.17666788001034, 24.860008583442657], [67.1756567277222, 24.858528599498424]]]}, "properties": {"h3": "8942e44e013ffff", "area_km2": 0.102217, "clipped_area_km2": 0.102217, "inside_fraction": 1.0, "centre_inside": true}}, {"type": "Feature", "geometry": {"type": "Polygon", "coordinates": [[[67.17870512811653, 24.85998049621389], [67.17973113340805, 24.858472420525274], [67.18176834484693, 24.858444289457704], [67.18277964151902, 24.85992423858696], [67.18175367686956, 24.861432367624897], [67.17971637490264, 24.861460494184076], [67.17870512811653, 24.85998049621389]]]}, "properties": {"h3": "8942e44e017ffff", "area_km2": 0.10222, "clipped_area_km2": 0.10222, "inside_fraction": 1.0, "centre_inside": true}}, {"type": "Feature", "geometry": {"type": "Polygon", "coordinates": [[[67.17567166595413, 24.85554065608476], [67.1766976659555, 24.85403269209876], [67.17873473302332, 24.854004595839747], [67.17974589060164, 24.855484468081357], [67.1787199312278, 24.856992485417305], [67.17668277364483, 24.8570205771615], [67.17567166595413, 24.85554065608476]]]}, "properties": {"h3": "8942e44e01bffff", "area_km2": 0.10221, "clipped_area_km2": 0.10221, "inside_fraction": 1.0, "centre_inside": true}}, {"type": "Feature", "geometry": {"type": "Polygon", "coordinates": [[[67.18788001348578, 24.85835972992906], [67.18890580500826, 24.85685161092021], [67.19094299690158, 24.85682335286442], [67.1919544877956, 24.858303218303394], [67.19092873694098, 24.859811390650936], [67.18889145452118, 24.859839644220624], [67.18788001348578, 24.85835972992906]]]}, "properties": {"h3": "8942e44e023ffff", "area_km2": 0.102218, "clipped_area_km2": 0.102218, "inside_fraction": 1.0, "centre_inside": true}}, {"type": "Feature", "geometry": {"type": "Polygon", "coordinates": [[[67.19092873694098, 24.859811390650936], [67.1919544877956, 24.858303218303394], [67.19399173350031, 24.858274920908094], [67.19500331887842, 24.859754800339207], [67.19397760870265, 24.861263026023025], [67.19194027246664, 24.86129131893926], [67.19092873694098, 24.859811390650936]]]}, "properties": {"h3": "8942e44e027ffff", "area_km2": 0.102222, "clipped_area_km2": 0.093907, "inside_fraction": 0.918652, "centre_inside": true}}, {"type": "Feature", "geometry": {"type": "Polygon", "coordinates": [[[67.18789440859608, 24.85537175948329], [67.18892015421979, 24.85386369884181], [67.19095725559468, 24.853835436300514], [67.19196870186099, 24.855315238886007], [67.19094299690158, 24.85682335286442], [67.18890580500826, 24.85685161092021], [67.18789440859608, 24.85537175948329]]]}, "properties": {"h3": "8942e44e02bffff", "area_km2": 0.102212, "clipped_area_km2": 0.102212, "inside_fraction": 1.0, "centre_inside": true}}, {"type": "Feature", "geometry": {"type": "Polygon", "coordinates": [[[67.19094299690158, 24.85682335286442], [67.19196870186099, 24.855315238886007], [67.19400585704243, 24.85528693701223], [67.19501739778444, 24.856766753595153], [67.19399173350031, 24.858274920908094], [67.1919544877956, 24.858303218303394], [67.19094299690158, 24.85682335286442]]]}, "properties": {"h3": "8942e44e02fffff", "area_km2": 0.102216, "clipped_area_km2": 0.102216, "inside_fraction": 1.0, "centre_inside": true}}, {"type": "Feature", "geometry": {"type": "Polygon", "coordinates": [[[67.18481690680508, 24.85989606818847], [67.18584278489091, 24.858387944159766], [67.18788001348578, 24.85835972992906], [67.18889145452118, 24.859839644220624], [67.18786561709582, 24.861347821592123], [67.18582829797128, 24.861376031329087], [67.18481690680508, 24.85989606818847]]]}, "properties": {"h3": "8942e44e033ffff", "area_km2": 0.102221, "clipped_area_km2": 0.099533, "inside_fraction": 0.973705, "centre_inside": true}}, {"type": "Feature", "geometry": {"type": "Polygon", "coordinates": [[[67.18786561709582, 24.861347821592123], [67.18889145452118, 24.859839644220624], [67.19092873694098, 24.859811390650936], [67.19194027246664, 24.86129131893926], [67.19091447571272, 24.86279954965117], [67.18887710275841, 24.86282779873417], [67.18786561709582, 24.861347821592123]]]}, "properties": {"h3": "8942e44e037ffff", "area_km2": 0.102225, "clipped_area_km2": 0.03756, "inside_fraction": 0.367424, "centre_inside": false}}, {"type": "Feature", "geometry": {"type": "Polygon", "coordinates": [[[67.18483143834348, 24.856908043874938], [67.18585727052285, 24.855399978207124], [67.18789440859608, 24.85537175948329], [67.18890580500826, 24.85685161092021], [67.18788001348578, 24.85835972992906], [67.18584278489091, 24.858387944159766], [67.18483143834348, 24.856908043874938]]]}, "properties": {"h3": "8942e44e03bffff", "area_km2": 0.102215, "clipped_area_km2": 0.102215, "inside_fraction": 1.0, "centre_inside": true}}, {"type": "Feature", "geometry": {"type": "Polygon", "coordinates": [[[67.17570153843496, 24.84956513293403], [67.1767274466061, 24.848057285664105], [67.17876433266773, 24.84802918037723], [67.17977540105399, 24.8495089268737], [67.17874953350322, 24.851016827490106], [67.17671255694253, 24.85104492826335], [67.17570153843496, 24.84956513293403]]]}, "properties": {"h3": "8942e44e043ffff", "area_km2": 0.102198, "clipped_area_km2": 0.102198, "inside_fraction": 1.0, "centre_inside": true}}, {"type": "Feature", "geometry": {"type": "Polygon", "coordinates": [[[67.17874953350322, 24.851016827490106], [67.17977540105399, 24.8495089268737], [67.18181234095697, 24.849480782284534], [67.18282350380984, 24.85096054281817], [67.18179767689045, 24.85246849677865], [67.17976064648356, 24.852496636861215], [67.17874953350322, 24.851016827490106]]]}, "properties": {"h3": "8942e44e047ffff", "area_km2": 0.102201, "clipped_area_km2": 0.102201, "inside_fraction": 1.0, "centre_inside": true}}, {"type": "Feature", "geometry": {"type": "Polygon", "coordinates": [[[67.17571647268417, 24.846577553214704], [67.17674233494638, 24.84506976430992], [67.17877913051697, 24.84504165451], [67.1797901543131, 24.84652133812771], [67.17876433266773, 24.84802918037723], [67.1767274466061, 24.848057285664105], [67.17571647268417, 24.846577553214704]]]}, "properties": {"h3": "8942e44e04bffff", "area_km2": 0.102192, "clipped_area_km2": 0.102192, "inside_fraction": 1.0, "centre_inside": true}}, {"type": "Feature", "geometry": {"type": "Polygon", "coordinates": [[[67.17876433266773, 24.84802918037723], [67.1797901543131, 24.84652133812771], [67.18182700372023, 24.846493189032536], [67.18283812197454, 24.84797288669269], [67.18181234095697, 24.849480782284534], [67.17977540105399, 24.8495089268737], [67.17876433266773, 24.84802918037723]]]}, "properties": {"h3": "8942e44e04fffff", "area_km2": 0.102195, "clipped_area_km2": 0.102195, "inside_fraction": 1.0, "centre_inside": true}}, {"type": "Feature", "geometry": {"type": "Polygon", "coordinates": [[[67.17263862103198, 24.851101046685265], [67.17366461572917, 24.84959319440552], [67.17570153843496, 24.84956513293403], [67.17671255694253, 24.85104492826335], [67.17568660285833, 24.85255283389367], [67.17364958965028, 24.852580890843893], [67.17263862103198, 24.851101046685265]]]}, "properties": {"h3": "8942e44e053ffff", "area_km2": 0.1022, "clipped_area_km2": 0.1022, "inside_fraction": 1.0, "centre_inside": true}}, {"type": "Feature", "geometry": {"type": "Polygon", "coordinates": [[[67.17568660285833, 24.85255283389367], [67.17671255694253, 24.85104492826335], [67.17874953350322, 24.851016827490106], [67.17976064648356, 24.852496636861215], [67.17873473302332, 24.854004595839747], [67.1766976659555, 24.85403269209876], [67.17568660285833, 24.85255283389367]]]}, "properties": {"h3": "8942e44e057ffff", "area_km2": 0.102204, "clipped_area_km2": 0.102204, "inside_fraction": 1.0, "centre_inside": true}}, {"type": "Feature", "geometry": {"type": "Polygon", "coordinates": [[[67.17265369169206, 24.848113413127933], [67.17367964047263, 24.846605619206862], [67.17571647268417, 24.846577553214704], [67.1767274466061, 24.848057285664105], [67.17570153843496, 24.84956513293403], [67.17366461572917, 24.84959319440552], [67.17265369169206, 24.848113413127933]]]}, "properties": {"h3": "8942e44e05bffff", "area_km2": 0.102194, "clipped_area_km2": 0.102194, "inside_fraction": 1.0, "centre_inside": true}}, {"type": "Feature", "geometry": {"type": "Polygon", "coordinates": [[[67.1848604975455, 24.850932358919174], [67.1858862379243, 24.84942440998738], [67.18792319497837, 24.849396182279047], [67.18893450215593, 24.850875907994286], [67.18790880242688, 24.85238391026367], [67.18587175486725, 24.852412133480037], [67.1848604975455, 24.850932358919174]]]}, "properties": {"h3": "8942e44e063ffff", "area_km2": 0.102202, "clipped_area_km2": 0.102202, "inside_fraction": 1.0, "centre_inside": true}}, {"type": "Feature", "geometry": {"type": "Polygon", "coordinates": [[[67.18790880242688, 24.85238391026367], [67.18893450215593, 24.850875907994286], [67.19097151302041, 24.85084764096808], [67.19198291466299, 24.852327380695957], [67.19095725559468, 24.853835436300514], [67.18892015421979, 24.85386369884181], [67.18790880242688, 24.85238391026367]]]}, "properties": {"h3": "8942e44e067ffff", "area_km2": 0.102206, "clipped_area_km2": 0.102206, "inside_fraction": 1.0, "centre_inside": true}}, {"type": "Feature", "geometry": {"type": "Polygon", "coordinates": [[[67.18487502520951, 24.847944698294707], [67.18590071969416, 24.84643680773802], [67.18793758625074, 24.84640857553833], [67.18894884881685, 24.847888238386517], [67.18792319497837, 24.849396182279047], [67.1858862379243, 24.84942440998738], [67.18487502520951, 24.847944698294707]]]}, "properties": {"h3": "8942e44e06bffff", "area_km2": 0.102196, "clipped_area_km2": 0.102196, "inside_fraction": 1.0, "centre_inside": true}}, {"type": "Feature", "geometry": {"type": "Polygon", "coordinates": [[[67.18792319497837, 24.849396182279047], [67.18894884881685, 24.847888238386517], [67.19098576917902, 24.847859966875987], [67.19199712620174, 24.849339643742105], [67.19097151302041, 24.85084764096808], [67.18893450215593, 24.850875907994286], [67.18792319497837, 24.849396182279047]]]}, "properties": {"h3": "8942e44e06fffff", "area_km2": 0.1022, "clipped_area_km2": 0.1022, "inside_fraction": 1.0, "centre_inside": true}}, {"type": "Feature", "geometry": {"type": "Polygon", "coordinates": [[[67.18179767689045, 24.85246849677865], [67.18282350380984, 24.85096054281817], [67.1848604975455, 24.850932358919174], [67.18587175486725, 24.852412133480037], [67.18484596859022, 24.853920140782197], [67.1828088843458, 24.853948320181633], [67.18179767689045, 24.85246849677865]]]}, "properties": {"h3": "8942e44e073ffff", "area_km2": 0.102205, "clipped_area_km2": 0.102205, "inside_fraction": 1.0, "centre_inside": true}}, {"type": "Feature", "geometry": {"type": "Polygon", "coordinates": [[[67.18484596859022, 24.853920140782197], [67.18587175486725, 24.852412133480037], [67.18790880242688, 24.85238391026367], [67.18892015421979, 24.85386369884181], [67.18789440859608, 24.85537175948329], [67.18585727052285, 24.855399978207124], [67.18484596859022, 24.853920140782197]]]}, "properties": {"h3": "8942e44e077ffff", "area_km2": 0.102209, "clipped_area_km2": 0.102209, "inside_fraction": 1.0, "centre_inside": true}}, {"type": "Feature", "geometry": {"type": "Polygon", "coordinates": [[[67.18181234095697, 24.849480782284534], [67.18283812197454, 24.84797288669269], [67.18487502520951, 24.847944698294707], [67.1858862379243, 24.84942440998738], [67.1848604975455, 24.850932358919174], [67.18282350380984, 24.85096054281817], [67.18181234095697, 24.849480782284534]]]}, "properties": {"h3": "8942e44e07bffff", "area_km2": 0.102199, "clipped_area_km2": 0.102199, "inside_fraction": 1.0, "centre_inside": true}}, {"type": "Feature", "geometry": {"type": "Polygon", "coordinates": [[[67.17257832499443, 24.863052793175648], [67.17360450339919, 24.861544707508635], [67.17564178816232, 24.861516664125784], [67.17665298505187, 24.862996710933377], [67.17562684727436, 24.864504849957957], [67.17358947197677, 24.864532888817166], [67.17257832499443, 24.863052793175648]]]}, "properties": {"h3": "8942e44e083ffff", "area_km2": 0.102226, "clipped_area_km2": 0.102226, "inside_fraction": 1.0, "centre_inside": true}}, {"type": "Feature", "geometry": {"type": "Polygon", "coordinates": [[[67.17562684727436, 24.864504849957957], [67.17665298505187, 24.862996710933377], [67.17869032368931, 24.862968628220635], [67.17970161508521, 24.8644486890489], [67.17867551794595, 24.86595688142866], [67.17663808876921, 24.865984959624775], [67.17562684727436, 24.864504849957957]]]}, "properties": {"h3": "8942e44e087ffff", "area_km2": 0.102229, "clipped_area_km2": 0.066576, "inside_fraction": 0.651239, "centre_inside": true}}, {"type": "Feature", "geometry": {"type": "Polygon", "coordinates": [[[67.17259340101376, 24.86006467473163], [67.17361953348546, 24.858556647404335], [67.1756567277222, 24.858528599498424], [67.17666788001034, 24.860008583442657], [67.17564178816232, 24.861516664125784], [67.17360450339919, 24.861544707508635], [67.17259340101376, 24.86006467473163]]]}, "properties": {"h3": "8942e44e08bffff", "area_km2": 0.102219, "clipped_area_km2": 0.102219, "inside_fraction": 1.0, "centre_inside": true}}, {"type": "Feature", "geometry": {"type": "Polygon", "coordinates": [[[67.17564178816232, 24.861516664125784], [67.17666788001034, 24.860008583442657], [67.17870512811653, 24.85998049621389], [67.17971637490264, 24.861460494184076], [67.17869032368931, 24.862968628220635], [67.17665298505187, 24.862996710933377], [67.17564178816232, 24.861516664125784]]]}, "properties": {"h3": "8942e44e08fffff", "area_km2": 0.102223, "clipped_area_km2": 0.102223, "inside_fraction": 1.0, "centre_inside": true}}, {"type": "Feature", "geometry": {"type": "Polygon", "coordinates": [[[67.1695147386229, 24.864588883345764], [67.17054100358466, 24.86308079270549], [67.17257832499443, 24.863052793175648], [67.17358947197677, 24.864532888817166], [67.17256324763484, 24.866041032819137], [67.17052583568741, 24.866069027817698], [67.1695147386229, 24.864588883345764]]]}, "properties": {"h3": "8942e44e093ffff", "area_km2": 0.102228, "clipped_area_km2": 0.102228, "inside_fraction": 1.0, "centre_inside": true}}, {"type": "Feature", "geometry": {"type": "Polygon", "coordinates": [[[67.17256324763484, 24.866041032819137], [67.17358947197677, 24.864532888817166], [67.17562684727436, 24.864504849957957], [67.17663808876921, 24.865984959624775], [67.1756119050581, 24.86749315698606], [67.17357443921802, 24.86752119132103], [67.17256324763484, 24.866041032819137]]]}, "properties": {"h3": "8942e44e097ffff", "area_km2": 0.102232, "clipped_area_km2": 0.038289, "inside_fraction": 0.374529, "centre_inside": false}}, {"type": "Feature", "geometry": {"type": "Polygon", "coordinates": [[[67.16952995111257, 24.861600711099207], [67.1705561701336, 24.860092678792157], [67.17259340101376, 24.86006467473163], [67.17360450339919, 24.861544707508635], [67.17257832499443, 24.863052793175648], [67.17054100358466, 24.86308079270549], [67.16952995111257, 24.861600711099207]]]}, "properties": {"h3": "8942e44e09bffff", "area_km2": 0.102222, "clipped_area_km2": 0.102222, "inside_fraction": 1.0, "centre_inside": true}}, {"type": "Feature", "geometry": {"type": "Polygon", "coordinates": [[[67.18175367686956, 24.861432367624897], [67.18277964151902, 24.85992423858696], [67.18481690680508, 24.85989606818847], [67.18582829797128, 24.861376031329087], [67.18480237397489, 24.862884213713958], [67.18276501815593, 24.862912379611085], [67.18175367686956, 24.861432367624897]]]}, "properties": {"h3": "8942e44e0abffff", "area_km2": 0.102224, "clipped_area_km2": 0.090825, "inside_fraction": 0.888487, "centre_inside": true}}, {"type": "Feature", "geometry": {"type": "Polygon", "coordinates": [[[67.17869032368931, 24.862968628220635], [67.17971637490264, 24.861460494184076], [67.18175367686956, 24.861432367624897], [67.18276501815593, 24.862912379611085], [67.18173900758823, 24.864420566998714], [67.17970161508521, 24.8644486890489], [67.17869032368931, 24.862968628220635]]]}, "properties": {"h3": "8942e44e0bbffff", "area_km2": 0.102226, "clipped_area_km2": 0.093661, "inside_fraction": 0.916207, "centre_inside": true}}, {"type": "Feature", "geometry": {"type": "Polygon", "coordinates": [[[67.16956037203538, 24.85562473022404], [67.17058649918728, 24.854116814597667], [67.17262354903237, 24.85408880147756], [67.17363456223576, 24.855568708513132], [67.17260847569301, 24.857076677495968], [67.17057133533442, 24.857104686086586], [67.16956037203538, 24.85562473022404]]]}, "properties": {"h3": "8942e44e0c3ffff", "area_km2": 0.102209, "clipped_area_km2": 0.102209, "inside_fraction": 1.0, "centre_inside": true}}, {"type": "Feature", "geometry": {"type": "Polygon", "coordinates": [[[67.17260847569301, 24.857076677495968], [67.17363456223576, 24.855568708513132], [67.17567166595413, 24.85554065608476], [67.17668277364483, 24.8570205771615], [67.1756567277222, 24.858528599498424], [67.17361953348546, 24.858556647404335], [67.17260847569301, 24.857076677495968]]]}, "properties": {"h3": "8942e44e0c7ffff", "area_km2": 0.102213, "clipped_area_km2": 0.102213, "inside_fraction": 1.0, "centre_inside": true}}, {"type": "Feature", "geometry": {"type": "Polygon", "coordinates": [[[67.16957558046889, 24.852636921613183], [67.17060166169237, 24.851129064334252], [67.17263862103198, 24.851101046685265], [67.17364958965028, 24.852580890843893], [67.17262354903237, 24.85408880147756], [67.17058649918728, 24.854116814597667], [67.16957558046889, 24.852636921613183]]]}, "properties": {"h3": "8942e44e0cbffff", "area_km2": 0.102203, "clipped_area_km2": 0.102203, "inside_fraction": 1.0, "centre_inside": true}}, {"type": "Feature", "geometry": {"type": "Polygon", "coordinates": [[[67.17262354903237, 24.85408880147756], [67.17364958965028, 24.852580890843893], [67.17568660285833, 24.85255283389367], [67.1766976659555, 24.85403269209876], [67.17567166595413, 24.85554065608476], [67.17363456223576, 24.855568708513132], [67.17262354903237, 24.85408880147756]]]}, "properties": {"h3": "8942e44e0cfffff", "area_km2": 0.102207, "clipped_area_km2": 0.102207, "inside_fraction": 1.0, "centre_inside": true}}, {"type": "Feature", "geometry": {"type": "Polygon", "coordinates": [[[67.16649707187749, 24.8571606201154], [67.16752328556363, 24.855652699506912], [67.16956037203538, 24.85562473022404], [67.17057133533442, 24.857104686086586], [67.16954516225, 24.85861266005567], [67.16750798526154, 24.858640624801424], [67.16649707187749, 24.8571606201154]]]}, "properties": {"h3": "8942e44e0d3ffff", "area_km2": 0.102212, "clipped_area_km2": 0.102212, "inside_fraction": 1.0, "centre_inside": true}}, {"type": "Feature", "geometry": {"type": "Polygon", "coordinates": [[[67.16954516225, 24.85861266005567], [67.17057133533442, 24.857104686086586], [67.17260847569301, 24.857076677495968], [67.17361953348546, 24.858556647404335], [67.17259340101376, 24.86006467473163], [67.1705561701336, 24.860092678792157], [67.16954516225, 24.85861266005567]]]}, "properties": {"h3": "8942e44e0d7ffff", "area_km2": 0.102216, "clipped_area_km2": 0.102216, "inside_fraction": 1.0, "centre_inside": true}}, {"type": "Feature", "geometry": {"type": "Polygon", "coordinates": [[[67.16651241675574, 24.854172757700105], [67.1675385845058, 24.85266489543256], [67.16957558046889, 24.852636921613183], [67.17058649918728, 24.854116814597667], [67.16956037203538, 24.85562473022404], [67.16752328556363, 24.855652699506912], [67.16651241675574, 24.854172757700105]]]}, "properties": {"h3": "8942e44e0dbffff", "area_km2": 0.102206, "clipped_area_km2": 0.102206, "inside_fraction": 1.0, "centre_inside": true}}, {"type": "Feature", "geometry": {"type": "Polygon", "coordinates": [[[67.1970406183858, 24.85972646359685], [67.19806624198368, 24.858218242951754], [67.2001035047521, 24.858189862390386], [67.20111523445226, 24.859669706938337], [67.20008965155162, 24.861177980913197], [67.19805229825027, 24.86120635701015], [67.1970406183858, 24.85972646359685]]]}, "properties": {"h3": "8942e44e143ffff", "area_km2": 0.102223, "clipped_area_km2": 0.035249, "inside_fraction": 0.344829, "centre_inside": false}}, {"type": "Feature", "geometry": {"type": "Polygon", "coordinates": [[[67.19705460676371, 24.85673841238135], [67.19808018447763, 24.855230250113593], [67.20011735672117, 24.855201865088404], [67.20112904177235, 24.85668164679461], [67.2001035047521, 24.858189862390386], [67.19806624198368, 24.858218242951754], [67.19705460676371, 24.85673841238135]]]}, "properties": {"h3": "8942e44e14bffff", "area_km2": 0.102217, "clipped_area_km2": 0.089446, "inside_fraction": 0.875066, "centre_inside": true}}, {"type": "Feature", "geometry": {"type": "Polygon", "coordinates": [[[67.19397760870265, 24.861263026023025], [67.19500331887842, 24.859754800339207], [67.1970406183858, 24.85972646359685], [67.19805229825027, 24.86120635701015], [67.19702662876435, 24.86271463602786], [67.19498923872082, 24.862742968298186], [67.19397760870265, 24.861263026023025]]]}, "properties": {"h3": "8942e44e153ffff", "area_km2": 0.102226, "clipped_area_km2": 0.052735, "inside_fraction": 0.515866, "centre_inside": true}}, {"type": "Feature", "geometry": {"type": "Polygon", "coordinates": [[[67.19399173350031, 24.858274920908094], [67.19501739778444, 24.856766753595153], [67.19705460676371, 24.85673841238135], [67.19806624198368, 24.858218242951754], [67.1970406183858, 24.85972646359685], [67.19500331887842, 24.859754800339207], [67.19399173350031, 24.858274920908094]]]}, "properties": {"h3": "8942e44e15bffff", "area_km2": 0.102219, "clipped_area_km2": 0.102219, "inside_fraction": 1.0, "centre_inside": true}}, {"type": "Feature", "geometry": {"type": "Polygon", "coordinates": [[[67.178823516175, 24.836079804470796], [67.17984915423995, 24.834572195736104], [67.18188564174397, 24.834544028622847], [67.18289658164348, 24.83602347474775], [67.18187098419207, 24.83753113681781], [67.17983440622433, 24.837559299427426], [67.178823516175, 24.836079804470796]]]}, "properties": {"h3": "8942e44e203ffff", "area_km2": 0.10217, "clipped_area_km2": 0.10217, "inside_fraction": 1.0, "centre_inside": true}}, {"type": "Feature", "geometry": {"type": "Polygon", "coordinates": [[[67.18187098419207, 24.83753113681781], [67.18289658164348, 24.83602347474775], [67.18493312295595, 24.835995268359838], [67.18594415728232, 24.837474728538353], [67.18491860045543, 24.83898244394138], [67.18288196867438, 24.83901064583272], [67.18187098419207, 24.83753113681781]]]}, "properties": {"h3": "8942e44e207ffff", "area_km2": 0.102174, "clipped_area_km2": 0.102174, "inside_fraction": 1.0, "centre_inside": true}}, {"type": "Feature", "geometry": {"type": "Polygon", "coordinates": [[[67.17883830876504, 24.833092763674756], [67.17986390094512, 24.83158521333057], [67.18190029799347, 24.8315570417143], [67.1829111933141, 24.83303642494507], [67.18188564174397, 24.834544028622847], [67.17984915423995, 24.834572195736104], [67.17883830876504, 24.833092763674756]]]}, "properties": {"h3": "8942e44e20bffff", "area_km2": 0.102164, "clipped_area_km2": 0.102164, "inside_fraction": 1.0, "centre_inside": true}}, {"type": "Feature", "geometry": {"type": "Polygon", "coordinates": [[[67.18188564174397, 24.834544028622847], [67.1829111933141, 24.83303642494507], [67.18494764416606, 24.83300821406114], [67.18595863390514, 24.834487611350823], [67.18493312295595, 24.835995268359838], [67.18289658164348, 24.83602347474775], [67.18188564174397, 24.834544028622847]]]}, "properties": {"h3": "8942e44e20fffff", "area_km2": 0.102167, "clipped_area_km2": 0.102167, "inside_fraction": 1.0, "centre_inside": true}}, {"type": "Feature", "geometry": {"type": "Polygon", "coordinates": [[[67.17576126746927, 24.83761554158726], [67.1767869920293, 24.836107927806243], [67.178823516175, 24.836079804470796], [67.17983440622433, 24.837559299427426], [67.17880872227043, 24.83906696654793], [67.17677210765781, 24.839095085372126], [67.17576126746927, 24.83761554158726]]]}, "properties": {"h3": "8942e44e213ffff", "area_km2": 0.102173, "clipped_area_km2": 0.102173, "inside_fraction": 1.0, "centre_inside": true}}, {"type": "Feature", "geometry": {"type": "Polygon", "coordinates": [[[67.17880872227043, 24.83906696654793], [67.17983440622433, 24.837559299427426], [67.18187098419207, 24.83753113681781], [67.18288196867438, 24.83901064583272], [67.18185632533759, 24.840518366290315], [67.1798196568981, 24.84054652439571], [67.17880872227043, 24.83906696654793]]]}, "properties": {"h3": "8942e44e217ffff", "area_km2": 0.102176, "clipped_area_km2": 0.102176, "inside_fraction": 1.0, "centre_inside": true}}, {"type": "Feature", "geometry": {"type": "Polygon", "coordinates": [[[67.1757761964107, 24.834628446917815], [67.1768018750782, 24.83312089152085], [67.17883830876504, 24.833092763674756], [67.17984915423995, 24.834572195736104], [67.178823516175, 24.836079804470796], [67.1767869920293, 24.836107927806243], [67.1757761964107, 24.834628446917815]]]}, "properties": {"h3": "8942e44e21bffff", "area_km2": 0.102166, "clipped_area_km2": 0.102166, "inside_fraction": 1.0, "centre_inside": true}}, {"type": "Feature", "geometry": {"type": "Polygon", "coordinates": [[[67.18798075239461, 24.837446482868195], [67.18900622271187, 24.83593877253034], [67.19104278114506, 24.835910483088462], [67.19205395972786, 24.837389908466193], [67.19102853005344, 24.838897672130496], [67.18899188115009, 24.838925957090435], [67.18798075239461, 24.837446482868195]]]}, "properties": {"h3": "8942e44e223ffff", "area_km2": 0.102175, "clipped_area_km2": 0.102175, "inside_fraction": 1.0, "centre_inside": true}}, {"type": "Feature", "geometry": {"type": "Polygon", "coordinates": [[[67.19102853005344, 24.838897672130496], [67.19205395972786, 24.837389908466193], [67.19409057193859, 24.837361579734004], [67.19510184494663, 24.838841019140865], [67.19407645592608, 24.840348836129262], [67.19203975324034, 24.84037716038652], [67.19102853005344, 24.838897672130496]]]}, "properties": {"h3": "8942e44e227ffff", "area_km2": 0.102178, "clipped_area_km2": 0.102178, "inside_fraction": 1.0, "centre_inside": true}}, {"type": "Feature", "geometry": {"type": "Polygon", "coordinates": [[[67.18799513855207, 24.834459361191676], [67.1890205629993, 24.8329517092543], [67.19105703097033, 24.832923415331067], [67.19206816495299, 24.834402777826373], [67.19104278114506, 24.835910483088462], [67.18900622271187, 24.83593877253034], [67.18799513855207, 24.834459361191676]]]}, "properties": {"h3": "8942e44e22bffff", "area_km2": 0.102168, "clipped_area_km2": 0.102168, "inside_fraction": 1.0, "centre_inside": true}}, {"type": "Feature", "geometry": {"type": "Polygon", "coordinates": [[[67.19104278114506, 24.835910483088462], [67.19206816495299, 24.834402777826373], [67.19410468669673, 24.83437444461986], [67.19511591509624, 24.83585382114959], [67.19409057193859, 24.837361579734004], [67.19205395972786, 24.837389908466193], [67.19104278114506, 24.835910483088462]]]}, "properties": {"h3": "8942e44e22fffff", "area_km2": 0.102172, "clipped_area_km2": 0.102172, "inside_fraction": 1.0, "centre_inside": true}}, {"type": "Feature", "geometry": {"type": "Polygon", "coordinates": [[[67.18491860045543, 24.83898244394138], [67.18594415728232, 24.837474728538353], [67.18798075239461, 24.837446482868195], [67.18899188115009, 24.838925957090435], [67.18796636495867, 24.840433725824045], [67.185929679373, 24.84046196700465], [67.18491860045543, 24.83898244394138]]]}, "properties": {"h3": "8942e44e233ffff", "area_km2": 0.102177, "clipped_area_km2": 0.102177, "inside_fraction": 1.0, "centre_inside": true}}, {"type": "Feature", "geometry": {"type": "Polygon", "coordinates": [[[67.18796636495867, 24.840433725824045], [67.18899188115009, 24.838925957090435], [67.19102853005344, 24.838897672130496], [67.19203975324034, 24.84037716038652], [67.19101427769536, 24.84188498244834], [67.18897753831378, 24.84191326292574], [67.18796636495867, 24.840433725824045]]]}, "properties": {"h3": "8942e44e237ffff", "area_km2": 0.102181, "clipped_area_km2": 0.102181, "inside_fraction": 1.0, "centre_inside": true}}, {"type": "Feature", "geometry": {"type": "Polygon", "coordinates": [[[67.18493312295595, 24.835995268359838], [67.18595863390514, 24.834487611350823], [67.18799513855207, 24.834459361191676], [67.18900622271187, 24.83593877253034], [67.18798075239461, 24.837446482868195], [67.18594415728232, 24.837474728538353], [67.18493312295595, 24.835995268359838]]]}, "properties": {"h3": "8942e44e23bffff", "area_km2": 0.102171, "clipped_area_km2": 0.102171, "inside_fraction": 1.0, "centre_inside": true}}, {"type": "Feature", "geometry": {"type": "Polygon", "coordinates": [[[67.17580605031418, 24.828654621441608], [67.17683163720898, 24.82714718282691], [67.17886789000215, 24.827119045961307], [67.17987864634006, 24.828598352219696], [67.1788531000407, 24.83010584416865], [67.1768167568047, 24.830133976524788], [67.17580605031418, 24.828654621441608]]]}, "properties": {"h3": "8942e44e243ffff", "area_km2": 0.102154, "clipped_area_km2": 0.102154, "inside_fraction": 1.0, "centre_inside": true}}, {"type": "Feature", "geometry": {"type": "Polygon", "coordinates": [[[67.1788531000407, 24.83010584416865], [67.17987864634006, 24.828598352219696], [67.18191495294073, 24.828570176101003], [67.1829258036864, 24.8300494964335], [67.18190029799347, 24.8315570417143], [67.17986390094512, 24.83158521333057], [67.1788531000407, 24.83010584416865]]]}, "properties": {"h3": "8942e44e247ffff", "area_km2": 0.102157, "clipped_area_km2": 0.102157, "inside_fraction": 1.0, "centre_inside": true}}, {"type": "Feature", "geometry": {"type": "Polygon", "coordinates": [[[67.17582097527661, 24.82566789065255], [67.1768465162912, 24.82416051043604], [67.1788826786496, 24.8241323690616], [67.17989339042488, 24.825611612412324], [67.17886789000215, 24.827119045961307], [67.17683163720898, 24.82714718282691], [67.17582097527661, 24.82566789065255]]]}, "properties": {"h3": "8942e44e24bffff", "area_km2": 0.102148, "clipped_area_km2": 0.102148, "inside_fraction": 1.0, "centre_inside": true}}, {"type": "Feature", "geometry": {"type": "Polygon", "coordinates": [[[67.17886789000215, 24.827119045961307], [67.17989339042488, 24.825611612412324], [67.18192960658594, 24.825583431791795], [67.18294041276062, 24.82706268922191], [67.18191495294073, 24.828570176101003], [67.17987864634006, 24.828598352219696], [67.17886789000215, 24.827119045961307]]]}, "properties": {"h3": "8942e44e24fffff", "area_km2": 0.102151, "clipped_area_km2": 0.102151, "inside_fraction": 1.0, "centre_inside": true}}, {"type": "Feature", "geometry": {"type": "Polygon", "coordinates": [[[67.17274408753208, 24.830190158215007], [67.17376976089922, 24.828682714545167], [67.17580605031418, 24.828654621441608], [67.1768167568047, 24.830133976524788], [67.1757911240256, 24.831641473532986], [67.17375474416464, 24.83166956211947], [67.17274408753208, 24.830190158215007]]]}, "properties": {"h3": "8942e44e253ffff", "area_km2": 0.102157, "clipped_area_km2": 0.102157, "inside_fraction": 1.0, "centre_inside": true}}, {"type": "Feature", "geometry": {"type": "Polygon", "coordinates": [[[67.1757911240256, 24.831641473532986], [67.1768167568047, 24.830133976524788], [67.1788531000407, 24.83010584416865], [67.17986390094512, 24.83158521333057], [67.17883830876504, 24.833092763674756], [67.1768018750782, 24.83312089152085], [67.1757911240256, 24.831641473532986]]]}, "properties": {"h3": "8942e44e257ffff", "area_km2": 0.10216, "clipped_area_km2": 0.10216, "inside_fraction": 1.0, "centre_inside": true}}, {"type": "Feature", "geometry": {"type": "Polygon", "coordinates": [[[67.17275914882035, 24.82720337355068], [67.17378477629961, 24.825695988272575], [67.17582097527661, 24.82566789065255], [67.17683163720898, 24.82714718282691], [67.17580605031418, 24.828654621441608], [67.17376976089922, 24.828682714545167], [67.17275914882035, 24.82720337355068]]]}, "properties": {"h3": "8942e44e25bffff", "area_km2": 0.10215, "clipped_area_km2": 0.10215, "inside_fraction": 1.0, "centre_inside": true}}, {"type": "Feature", "geometry": {"type": "Polygon", "coordinates": [[[67.1849621640859, 24.83002128105417], [67.18598758329198, 24.828513740847345], [67.1880239070323, 24.828485481712054], [67.18903490201257, 24.82996476727118], [67.18800952343126, 24.831472360803346], [67.18597310924164, 24.831500615450853], [67.1849621640859, 24.83002128105417]]]}, "properties": {"h3": "8942e44e263ffff", "area_km2": 0.102158, "clipped_area_km2": 0.102158, "inside_fraction": 1.0, "centre_inside": true}}, {"type": "Feature", "geometry": {"type": "Polygon", "coordinates": [[[67.18800952343126, 24.831472360803346], [67.18903490201257, 24.82996476727118], [67.19107127952947, 24.82993646886717], [67.1920823689159, 24.831415768475917], [67.19105703097033, 24.832923415331067], [67.1890205629993, 24.8329517092543], [67.18800952343126, 24.831472360803346]]]}, "properties": {"h3": "8942e44e267ffff", "area_km2": 0.102162, "clipped_area_km2": 0.102162, "inside_fraction": 1.0, "centre_inside": true}}, {"type": "Feature", "geometry": {"type": "Polygon", "coordinates": [[[67.18497668271566, 24.827034469347762], [67.18600205605634, 24.82552698754912], [67.1880382893554, 24.825498723926636], [67.18904923975178, 24.826977946589793], [67.1880239070323, 24.828485481712054], [67.18598758329198, 24.828513740847345], [67.18497668271566, 24.827034469347762]]]}, "properties": {"h3": "8942e44e26bffff", "area_km2": 0.102152, "clipped_area_km2": 0.102152, "inside_fraction": 1.0, "centre_inside": true}}, {"type": "Feature", "geometry": {"type": "Polygon", "coordinates": [[[67.1880239070323, 24.828485481712054], [67.18904923975178, 24.826977946589793], [67.1910855268226, 24.82694964370564], [67.19209657161677, 24.828428880423704], [67.19107127952947, 24.82993646886717], [67.18903490201257, 24.82996476727118], [67.1880239070323, 24.828485481712054]]]}, "properties": {"h3": "8942e44e26fffff", "area_km2": 0.102156, "clipped_area_km2": 0.102156, "inside_fraction": 1.0, "centre_inside": true}}, {"type": "Feature", "geometry": {"type": "Polygon", "coordinates": [[[67.18190029799347, 24.8315570417143], [67.1829258036864, 24.8300494964335], [67.1849621640859, 24.83002128105417], [67.18597310924164, 24.831500615450853], [67.18494764416606, 24.83300821406114], [67.1829111933141, 24.83303642494507], [67.18190029799347, 24.8315570417143]]]}, "properties": {"h3": "8942e44e273ffff", "area_km2": 0.102161, "clipped_area_km2": 0.102161, "inside_fraction": 1.0, "centre_inside": true}}, {"type": "Feature", "geometry": {"type": "Polygon", "coordinates": [[[67.18494764416606, 24.83300821406114], [67.18597310924164, 24.831500615450853], [67.18800952343126, 24.831472360803346], [67.1890205629993, 24.8329517092543], [67.18799513855207, 24.834459361191676], [67.18595863390514, 24.834487611350823], [67.18494764416606, 24.83300821406114]]]}, "properties": {"h3": "8942e44e277ffff", "area_km2": 0.102165, "clipped_area_km2": 0.102165, "inside_fraction": 1.0, "centre_inside": true}}, {"type": "Feature", "geometry": {"type": "Polygon", "coordinates": [[[67.18191495294073, 24.828570176101003], [67.18294041276062, 24.82706268922191], [67.18497668271566, 24.827034469347762], [67.18598758329198, 24.828513740847345], [67.1849621640859, 24.83002128105417], [67.1829258036864, 24.8300494964335], [67.18191495294073, 24.828570176101003]]]}, "properties": {"h3": "8942e44e27bffff", "area_km2": 0.102155, "clipped_area_km2": 0.102155, "inside_fraction": 1.0, "centre_inside": true}}, {"type": "Feature", "geometry": {"type": "Polygon", "coordinates": [[[67.1726838289943, 24.842138509753717], [67.17370968595397, 24.840630832564145], [67.17574633720116, 24.840602757532462], [67.17675722196357, 24.84208236420963], [67.17573140560619, 24.84359009474456], [67.17369466388084, 24.843618165256775], [67.1726838289943, 24.842138509753717]]]}, "properties": {"h3": "8942e44e283ffff", "area_km2": 0.102182, "clipped_area_km2": 0.102182, "inside_fraction": 1.0, "centre_inside": true}}, {"type": "Feature", "geometry": {"type": "Polygon", "coordinates": [[[67.17573140560619, 24.84359009474456], [67.17675722196357, 24.84208236420963], [67.17879392705116, 24.842054249897274], [67.17980490626108, 24.843533870632093], [67.17877913051697, 24.84504165451], [67.17674233494638, 24.84506976430992], [67.17573140560619, 24.84359009474456]]]}, "properties": {"h3": "8942e44e287ffff", "area_km2": 0.102185, "clipped_area_km2": 0.102185, "inside_fraction": 1.0, "centre_inside": true}}, {"type": "Feature", "geometry": {"type": "Polygon", "coordinates": [[[67.17269889563681, 24.839151239954536], [67.17372470669218, 24.837643621137808], [67.17576126746927, 24.83761554158726], [67.17677210765781, 24.839095085372126], [67.17574633720116, 24.840602757532462], [67.17370968595397, 24.840630832564145], [67.17269889563681, 24.839151239954536]]]}, "properties": {"h3": "8942e44e28bffff", "area_km2": 0.102175, "clipped_area_km2": 0.102175, "inside_fraction": 1.0, "centre_inside": true}}, {"type": "Feature", "geometry": {"type": "Polygon", "coordinates": [[[67.17574633720116, 24.840602757532462], [67.17677210765781, 24.839095085372126], [67.17880872227043, 24.83906696654793], [67.1798196568981, 24.84054652439571], [67.17879392705116, 24.842054249897274], [67.17675722196357, 24.84208236420963], [67.17574633720116, 24.840602757532462]]]}, "properties": {"h3": "8942e44e28fffff", "area_km2": 0.102179, "clipped_area_km2": 0.102179, "inside_fraction": 1.0, "centre_inside": true}}, {"type": "Feature", "geometry": {"type": "Polygon", "coordinates": [[[67.16962119765991, 24.843674223193982], [67.17064714112287, 24.84216654098577], [67.1726838289943, 24.842138509753717], [67.17369466388084, 24.843618165256775], [67.17266876101277, 24.84512590081447], [67.17063198266, 24.84515392751943], [67.16962119765991, 24.843674223193982]]]}, "properties": {"h3": "8942e44e293ffff", "area_km2": 0.102184, "clipped_area_km2": 0.102184, "inside_fraction": 1.0, "centre_inside": true}}, {"type": "Feature", "geometry": {"type": "Polygon", "coordinates": [[[67.17266876101277, 24.84512590081447], [67.17369466388084, 24.843618165256775], [67.17573140560619, 24.84359009474456], [67.17674233494638, 24.84506976430992], [67.17571647268417, 24.846577553214704], [67.17367964047263, 24.846605619206862], [67.17266876101277, 24.84512590081447]]]}, "properties": {"h3": "8942e44e297ffff", "area_km2": 0.102188, "clipped_area_km2": 0.102188, "inside_fraction": 1.0, "centre_inside": true}}, {"type": "Feature", "geometry": {"type": "Polygon", "coordinates": [[[67.1696364006877, 24.840686899554925], [67.1706622982387, 24.83917927571308], [67.17269889563681, 24.839151239954536], [67.17370968595397, 24.840630832564145], [67.1726838289943, 24.842138509753717], [67.17064714112287, 24.84216654098577], [67.1696364006877, 24.840686899554925]]]}, "properties": {"h3": "8942e44e29bffff", "area_km2": 0.102178, "clipped_area_km2": 0.102178, "inside_fraction": 1.0, "centre_inside": true}}, {"type": "Feature", "geometry": {"type": "Polygon", "coordinates": [[[67.18184166518036, 24.843505717031515], [67.18286735440664, 24.841997938191092], [67.1849040766643, 24.84196974079696], [67.18591520017699, 24.84344932674082], [67.18488955158236, 24.844957158917694], [67.1828527388401, 24.844985351814053], [67.18184166518036, 24.843505717031515]]]}, "properties": {"h3": "8942e44e2a3ffff", "area_km2": 0.102186, "clipped_area_km2": 0.102186, "inside_fraction": 1.0, "centre_inside": true}}, {"type": "Feature", "geometry": {"type": "Polygon", "coordinates": [[[67.18488955158236, 24.844957158917694], [67.18591520017699, 24.84344932674082], [67.1879519762441, 24.84342109005038], [67.18896319420276, 24.84490069002739], [67.18793758625074, 24.84640857553833], [67.18590071969416, 24.84643680773802], [67.18488955158236, 24.844957158917694]]]}, "properties": {"h3": "8942e44e2a7ffff", "area_km2": 0.10219, "clipped_area_km2": 0.10219, "inside_fraction": 1.0, "centre_inside": true}}, {"type": "Feature", "geometry": {"type": "Polygon", "coordinates": [[[67.18185632533759, 24.840518366290315], [67.18288196867438, 24.83901064583272], [67.18491860045543, 24.83898244394138], [67.185929679373, 24.84046196700465], [67.1849040766643, 24.84196974079696], [67.18286735440664, 24.841997938191092], [67.18185632533759, 24.840518366290315]]]}, "properties": {"h3": "8942e44e2abffff", "area_km2": 0.10218, "clipped_area_km2": 0.10218, "inside_fraction": 1.0, "centre_inside": true}}, {"type": "Feature", "geometry": {"type": "Polygon", "coordinates": [[[67.1849040766643, 24.84196974079696], [67.185929679373, 24.84046196700465], [67.18796636495867, 24.840433725824045], [67.18897753831378, 24.84191326292574], [67.1879519762441, 24.84342109005038], [67.18591520017699, 24.84344932674082], [67.1849040766643, 24.84196974079696]]]}, "properties": {"h3": "8942e44e2afffff", "area_km2": 0.102184, "clipped_area_km2": 0.102184, "inside_fraction": 1.0, "centre_inside": true}}, {"type": "Feature", "geometry": {"type": "Polygon", "coordinates": [[[67.17877913051697, 24.84504165451], [67.17980490626108, 24.843533870632093], [67.18184166518036, 24.843505717031515], [67.1828527388401, 24.844985351814053], [67.18182700372023, 24.846493189032536], [67.1797901543131, 24.84652133812771], [67.17877913051697, 24.84504165451]]]}, "properties": {"h3": "8942e44e2b3ffff", "area_km2": 0.102189, "clipped_area_km2": 0.102189, "inside_fraction": 1.0, "centre_inside": true}}, {"type": "Feature", "geometry": {"type": "Polygon", "coordinates": [[[67.18182700372023, 24.846493189032536], [67.1828527388401, 24.844985351814053], [67.18488955158236, 24.844957158917694], [67.18590071969416, 24.84643680773802], [67.18487502520951, 24.847944698294707], [67.18283812197454, 24.84797288669269], [67.18182700372023, 24.846493189032536]]]}, "properties": {"h3": "8942e44e2b7ffff", "area_km2": 0.102192, "clipped_area_km2": 0.102192, "inside_fraction": 1.0, "centre_inside": true}}, {"type": "Feature", "geometry": {"type": "Polygon", "coordinates": [[[67.17879392705116, 24.842054249897274], [67.1798196568981, 24.84054652439571], [67.18185632533759, 24.840518366290315], [67.18286735440664, 24.841997938191092], [67.18184166518036, 24.843505717031515], [67.17980490626108, 24.843533870632093], [67.17879392705116, 24.842054249897274]]]}, "properties": {"h3": "8942e44e2bbffff", "area_km2": 0.102183, "clipped_area_km2": 0.102183, "inside_fraction": 1.0, "centre_inside": true}}, {"type": "Feature", "geometry": {"type": "Polygon", "coordinates": [[[67.16966680269053, 24.83471261608099], [67.17069260842992, 24.833205108986064], [67.17272902490552, 24.833177064176333], [67.17373972609568, 24.83465653098663], [67.1727139609405, 24.836164091425783], [67.17067745400766, 24.836192131710234], [67.16966680269053, 24.83471261608099]]]}, "properties": {"h3": "8942e44e2c3ffff", "area_km2": 0.102166, "clipped_area_km2": 0.102166, "inside_fraction": 1.0, "centre_inside": true}}, {"type": "Feature", "geometry": {"type": "Polygon", "coordinates": [[[67.1727139609405, 24.836164091425783], [67.17373972609568, 24.83465653098663], [67.1757761964107, 24.834628446917815], [67.1767869920293, 24.836107927806243], [67.17576126746927, 24.83761554158726], [67.17372470669218, 24.837643621137808], [67.1727139609405, 24.836164091425783]]]}, "properties": {"h3": "8942e44e2c7ffff", "area_km2": 0.102169, "clipped_area_km2": 0.102169, "inside_fraction": 1.0, "centre_inside": true}}, {"type": "Feature", "geometry": {"type": "Polygon", "coordinates": [[[67.16968200166592, 24.83172565626381], [67.17070776150568, 24.830218207549443], [67.17274408753208, 24.830190158215007], [67.17375474416464, 24.83166956211947], [67.17272902490552, 24.833177064176333], [67.17069260842992, 24.833205108986064], [67.16968200166592, 24.83172565626381]]]}, "properties": {"h3": "8942e44e2cbffff", "area_km2": 0.102159, "clipped_area_km2": 0.092437, "inside_fraction": 0.904835, "centre_inside": true}}, {"type": "Feature", "geometry": {"type": "Polygon", "coordinates": [[[67.17272902490552, 24.833177064176333], [67.17375474416464, 24.83166956211947], [67.1757911240256, 24.831641473532986], [67.1768018750782, 24.83312089152085], [67.1757761964107, 24.834628446917815], [67.17373972609568, 24.83465653098663], [67.17272902490552, 24.833177064176333]]]}, "properties": {"h3": "8942e44e2cfffff", "area_km2": 0.102163, "clipped_area_km2": 0.102163, "inside_fraction": 1.0, "centre_inside": true}}, {"type": "Feature", "geometry": {"type": "Polygon", "coordinates": [[[67.1666044573907, 24.836248129229254], [67.16763034961062, 24.83474061710687], [67.16966680269053, 24.83471261608099], [67.17067745400766, 24.836192131710234], [67.16965160236451, 24.83769969718098], [67.16761505882417, 24.837727693673934], [67.1666044573907, 24.836248129229254]]]}, "properties": {"h3": "8942e44e2d3ffff", "area_km2": 0.102168, "clipped_area_km2": 0.102168, "inside_fraction": 1.0, "centre_inside": true}}, {"type": "Feature", "geometry": {"type": "Polygon", "coordinates": [[[67.16965160236451, 24.83769969718098], [67.17067745400766, 24.836192131710234], [67.1727139609405, 24.836164091425783], [67.17372470669218, 24.837643621137808], [67.17269889563681, 24.839151239954536], [67.1706622982387, 24.83917927571308], [67.16965160236451, 24.83769969718098]]]}, "properties": {"h3": "8942e44e2d7ffff", "area_km2": 0.102172, "clipped_area_km2": 0.102172, "inside_fraction": 1.0, "centre_inside": true}}, {"type": "Feature", "geometry": {"type": "Polygon", "coordinates": [[[67.1666197927258, 24.833261115570323], [67.16764563903841, 24.831753661822002], [67.16968200166592, 24.83172565626381], [67.17069260842992, 24.833205108986064], [67.16966680269053, 24.83471261608099], [67.16763034961062, 24.83474061710687], [67.1666197927258, 24.833261115570323]]]}, "properties": {"h3": "8942e44e2dbffff", "area_km2": 0.102162, "clipped_area_km2": 0.066843, "inside_fraction": 0.654285, "centre_inside": true}}, {"type": "Feature", "geometry": {"type": "Polygon", "coordinates": [[[67.20015890524171, 24.846238600596216], [67.20118425878152, 24.8447306185641], [67.20322112276217, 24.844702176369616], [67.20423272369726, 24.84618172066148], [67.20320741084778, 24.84768975601227], [67.20117045636958, 24.847718193752318], [67.20015890524171, 24.846238600596216]]]}, "properties": {"h3": "8942e44e303ffff", "area_km2": 0.102195, "clipped_area_km2": 0.102195, "inside_fraction": 1.0, "centre_inside": true}}, {"type": "Feature", "geometry": {"type": "Polygon", "coordinates": [[[67.20320741084778, 24.84768975601227], [67.20423272369726, 24.84618172066148], [67.20626964142546, 24.846153239139515], [67.20728133680325, 24.847632797415518], [67.20625606465508, 24.849140886082566], [67.2042190564245, 24.849169363157152], [67.20320741084778, 24.84768975601227]]]}, "properties": {"h3": "8942e44e307ffff", "area_km2": 0.102199, "clipped_area_km2": 0.102199, "inside_fraction": 1.0, "centre_inside": true}}, {"type": "Feature", "geometry": {"type": "Polygon", "coordinates": [[[67.20017275228689, 24.84325108826629], [67.20119805996686, 24.841743164636913], [67.20323483345798, 24.84171471798861], [67.20424638975538, 24.843194199423323], [67.20322112276217, 24.844702176369616], [67.20118425878152, 24.8447306185641], [67.20017275228689, 24.84325108826629]]]}, "properties": {"h3": "8942e44e30bffff", "area_km2": 0.102189, "clipped_area_km2": 0.102189, "inside_fraction": 1.0, "centre_inside": true}}, {"type": "Feature", "geometry": {"type": "Polygon", "coordinates": [[[67.20322112276217, 24.844702176369616], [67.20424638975538, 24.843194199423323], [67.20628321698925, 24.843165713454567], [67.20729486772095, 24.8446452088787], [67.20626964142546, 24.846153239139515], [67.20423272369726, 24.84618172066148], [67.20322112276217, 24.844702176369616]]]}, "properties": {"h3": "8942e44e30fffff", "area_km2": 0.102193, "clipped_area_km2": 0.102193, "inside_fraction": 1.0, "centre_inside": true}}, {"type": "Feature", "geometry": {"type": "Polygon", "coordinates": [[[67.1970965644379, 24.847774986116637], [67.1981220045246, 24.8462669990093], [67.20015890524171, 24.846238600596216], [67.20117045636958, 24.847718193752318], [67.20014505696581, 24.849226234182456], [67.19810806574793, 24.849254628133487], [67.1970965644379, 24.847774986116637]]]}, "properties": {"h3": "8942e44e313ffff", "area_km2": 0.102198, "clipped_area_km2": 0.102198, "inside_fraction": 1.0, "centre_inside": true}}, {"type": "Feature", "geometry": {"type": "Polygon", "coordinates": [[[67.20014505696581, 24.849226234182456], [67.20117045636958, 24.847718193752318], [67.20320741084778, 24.84768975601227], [67.2042190564245, 24.849169363157152], [67.20319369771462, 24.850677456907675], [67.20115665273084, 24.85070589019274], [67.20014505696581, 24.849226234182456]]]}, "properties": {"h3": "8942e44e317ffff", "area_km2": 0.102202, "clipped_area_km2": 0.102202, "inside_fraction": 1.0, "centre_inside": true}}, {"type": "Feature", "geometry": {"type": "Polygon", "coordinates": [[[67.19711054784334, 24.844787419851894], [67.19813594206249, 24.84327949114082], [67.20017275228689, 24.84325108826629], [67.20118425878152, 24.8447306185641], [67.20015890524171, 24.846238600596216], [67.1981220045246, 24.8462669990093], [67.19711054784334, 24.844787419851894]]]}, "properties": {"h3": "8942e44e31bffff", "area_km2": 0.102192, "clipped_area_km2": 0.102192, "inside_fraction": 1.0, "centre_inside": true}}, {"type": "Feature", "geometry": {"type": "Polygon", "coordinates": [[[67.20931830827028, 24.847604276558517], [67.21034349385707, 24.846096192985563], [67.21238042855022, 24.846067628353268], [67.21339226815728, 24.847547151726445], [67.21236712329016, 24.84905528860914], [67.21033009809304, 24.84908384880873], [67.20931830827028, 24.847604276558517]]]}, "properties": {"h3": "8942e44e323ffff", "area_km2": 0.1022, "clipped_area_km2": 0.063526, "inside_fraction": 0.621582, "centre_inside": true}}, {"type": "Feature", "geometry": {"type": "Polygon", "coordinates": [[[67.20933174868881, 24.84461668358193], [67.21035688843057, 24.843108658421677], [67.21239373262777, 24.843080089357244], [67.21340552757587, 24.844559549884995], [67.21238042855022, 24.846067628353268], [67.21034349385707, 24.846096192985563], [67.20933174868881, 24.84461668358193]]]}, "properties": {"h3": "8942e44e32bffff", "area_km2": 0.102193, "clipped_area_km2": 0.102193, "inside_fraction": 1.0, "centre_inside": true}}, {"type": "Feature", "geometry": {"type": "Polygon", "coordinates": [[[67.21238042855022, 24.846067628353268], [67.21340552757587, 24.844559549884995], [67.21544242548484, 24.84453094148451], [67.2164543148656, 24.846010415977194], [67.215429256567, 24.847518547751054], [67.21339226815728, 24.847547151726445], [67.21238042855022, 24.846067628353268]]]}, "properties": {"h3": "8942e44e32fffff", "area_km2": 0.102197, "clipped_area_km2": 0.029547, "inside_fraction": 0.289118, "centre_inside": false}}, {"type": "Feature", "geometry": {"type": "Polygon", "coordinates": [[[67.20625606465508, 24.849140886082566], [67.20728133680325, 24.847632797415518], [67.20931830827028, 24.847604276558517], [67.21033009809304, 24.84908384880873], [67.20930486665713, 24.850591990789642], [67.2072678046829, 24.85062050720629], [67.20625606465508, 24.849140886082566]]]}, "properties": {"h3": "8942e44e333ffff", "area_km2": 0.102202, "clipped_area_km2": 0.0752, "inside_fraction": 0.735797, "centre_inside": true}}, {"type": "Feature", "geometry": {"type": "Polygon", "coordinates": [[[67.20626964142546, 24.846153239139515], [67.20729486772095, 24.8446452088787], [67.20933174868881, 24.84461668358193], [67.21034349385707, 24.846096192985563], [67.20931830827028, 24.847604276558517], [67.20728133680325, 24.847632797415518], [67.20626964142546, 24.846153239139515]]]}, "properties": {"h3": "8942e44e33bffff", "area_km2": 0.102196, "clipped_area_km2": 0.102196, "inside_fraction": 1.0, "centre_inside": true}}, {"type": "Feature", "geometry": {"type": "Polygon", "coordinates": [[[67.19713851092621, 24.838812651110857], [67.19816381342262, 24.8373048392065], [67.2002004426857, 24.837276427410842], [67.2012118599257, 24.838755831979633], [67.20018659810151, 24.840263697201543], [67.19814987836178, 24.840292104536935], [67.19713851092621, 24.838812651110857]]]}, "properties": {"h3": "8942e44e343ffff", "area_km2": 0.102179, "clipped_area_km2": 0.102179, "inside_fraction": 1.0, "centre_inside": true}}, {"type": "Feature", "geometry": {"type": "Polygon", "coordinates": [[[67.20018659810151, 24.840263697201543], [67.2012118599257, 24.838755831979633], [67.20324854293538, 24.83872738087809], [67.20426005459902, 24.840206799451522], [67.20323483345798, 24.84171471798861], [67.20119805996686, 24.841743164636913], [67.20018659810151, 24.840263697201543]]]}, "properties": {"h3": "8942e44e347ffff", "area_km2": 0.102183, "clipped_area_km2": 0.102183, "inside_fraction": 1.0, "centre_inside": true}}, {"type": "Feature", "geometry": {"type": "Polygon", "coordinates": [[[67.197152490604, 24.83582544865228], [67.1981777472452, 24.834317695158358], [67.20021428603967, 24.834289278903025], [67.20122565865826, 24.83576862060111], [67.2002004426857, 24.837276427410842], [67.19816381342262, 24.8373048392065], [67.197152490604, 24.83582544865228]]]}, "properties": {"h3": "8942e44e34bffff", "area_km2": 0.102173, "clipped_area_km2": 0.102173, "inside_fraction": 1.0, "centre_inside": true}}, {"type": "Feature", "geometry": {"type": "Polygon", "coordinates": [[[67.2002004426857, 24.837276427410842], [67.20122565865826, 24.83576862060111], [67.2032622511945, 24.835740165046925], [67.20427371822832, 24.837219520754935], [67.20324854293538, 24.83872738087809], [67.2012118599257, 24.838755831979633], [67.2002004426857, 24.837276427410842]]]}, "properties": {"h3": "8942e44e34fffff", "area_km2": 0.102176, "clipped_area_km2": 0.102176, "inside_fraction": 1.0, "centre_inside": true}}, {"type": "Feature", "geometry": {"type": "Polygon", "coordinates": [[[67.19407645592608, 24.840348836129262], [67.19510184494663, 24.838841019140865], [67.19713851092621, 24.838812651110857], [67.19814987836178, 24.840292104536935], [67.19712453000605, 24.841799974847017], [67.19508777354662, 24.84182833840915], [67.19407645592608, 24.840348836129262]]]}, "properties": {"h3": "8942e44e353ffff", "area_km2": 0.102182, "clipped_area_km2": 0.102182, "inside_fraction": 1.0, "centre_inside": true}}, {"type": "Feature", "geometry": {"type": "Polygon", "coordinates": [[[67.19712453000605, 24.841799974847017], [67.19814987836178, 24.840292104536935], [67.20018659810151, 24.840263697201543], [67.20119805996686, 24.841743164636913], [67.20017275228689, 24.84325108826629], [67.19813594206249, 24.84327949114082], [67.19712453000605, 24.841799974847017]]]}, "properties": {"h3": "8942e44e357ffff", "area_km2": 0.102185, "clipped_area_km2": 0.102185, "inside_fraction": 1.0, "centre_inside": true}}, {"type": "Feature", "geometry": {"type": "Polygon", "coordinates": [[[67.19409057193859, 24.837361579734004], [67.19511591509624, 24.83585382114959], [67.197152490604, 24.83582544865228], [67.19816381342262, 24.8373048392065], [67.19713851092621, 24.838812651110857], [67.19510184494663, 24.838841019140865], [67.19409057193859, 24.837361579734004]]]}, "properties": {"h3": "8942e44e35bffff", "area_km2": 0.102175, "clipped_area_km2": 0.102175, "inside_fraction": 1.0, "centre_inside": true}}, {"type": "Feature", "geometry": {"type": "Polygon", "coordinates": [[[67.20629679134659, 24.840178309036546], [67.20732192594895, 24.838670395602357], [67.20935862594261, 24.83864186142783], [67.2103702818137, 24.84012124512591], [67.20934518791287, 24.841629211868753], [67.20730839743614, 24.841657741604696], [67.20629679134659, 24.840178309036546]]]}, "properties": {"h3": "8942e44e363ffff", "area_km2": 0.102184, "clipped_area_km2": 0.102184, "inside_fraction": 1.0, "centre_inside": true}}, {"type": "Feature", "geometry": {"type": "Polygon", "coordinates": [[[67.20934518791287, 24.841629211868753], [67.2103702818137, 24.84012124512591], [67.21240703552301, 24.840092671629915], [67.21341878581607, 24.841572069308132], [67.21239373262777, 24.843080089357244], [67.21035688843057, 24.843108658421677], [67.20934518791287, 24.841629211868753]]]}, "properties": {"h3": "8942e44e367ffff", "area_km2": 0.102187, "clipped_area_km2": 0.102187, "inside_fraction": 1.0, "centre_inside": true}}, {"type": "Feature", "geometry": {"type": "Polygon", "coordinates": [[[67.20631036449763, 24.837191025894356], [67.20733545325962, 24.835683170880554], [67.20937206277823, 24.835654632268046], [67.21038367400662, 24.837133953107145], [67.20935862594261, 24.83864186142783], [67.20732192594895, 24.838670395602357], [67.20631036449763, 24.837191025894356]]]}, "properties": {"h3": "8942e44e36bffff", "area_km2": 0.102177, "clipped_area_km2": 0.102177, "inside_fraction": 1.0, "centre_inside": true}}, {"type": "Feature", "geometry": {"type": "Polygon", "coordinates": [[[67.20935862594261, 24.83864186142783], [67.21038367400662, 24.837133953107145], [67.21242033723607, 24.83710537518018], [67.21343204287808, 24.83858471000471], [67.21240703552301, 24.840092671629915], [67.2103702818137, 24.84012124512591], [67.20935862594261, 24.83864186142783]]]}, "properties": {"h3": "8942e44e36fffff", "area_km2": 0.102181, "clipped_area_km2": 0.102181, "inside_fraction": 1.0, "centre_inside": true}}, {"type": "Feature", "geometry": {"type": "Polygon", "coordinates": [[[67.20323483345798, 24.84171471798861], [67.20426005459902, 24.840206799451522], [67.20629679134659, 24.840178309036546], [67.20730839743614, 24.841657741604696], [67.20628321698925, 24.843165713454567], [67.20424638975538, 24.843194199423323], [67.20323483345798, 24.84171471798861]]]}, "properties": {"h3": "8942e44e373ffff", "area_km2": 0.102186, "clipped_area_km2": 0.102186, "inside_fraction": 1.0, "centre_inside": true}}, {"type": "Feature", "geometry": {"type": "Polygon", "coordinates": [[[67.20628321698925, 24.843165713454567], [67.20730839743614, 24.841657741604696], [67.20934518791287, 24.841629211868753], [67.21035688843057, 24.843108658421677], [67.20933174868881, 24.84461668358193], [67.20729486772095, 24.8446452088787], [67.20628321698925, 24.843165713454567]]]}, "properties": {"h3": "8942e44e377ffff", "area_km2": 0.10219, "clipped_area_km2": 0.10219, "inside_fraction": 1.0, "centre_inside": true}}, {"type": "Feature", "geometry": {"type": "Polygon", "coordinates": [[[67.20324854293538, 24.83872738087809], [67.20427371822832, 24.837219520754935], [67.20631036449763, 24.837191025894356], [67.20732192594895, 24.838670395602357], [67.20629679134659, 24.840178309036546], [67.20426005459902, 24.840206799451522], [67.20324854293538, 24.83872738087809]]]}, "properties": {"h3": "8942e44e37bffff", "area_km2": 0.10218, "clipped_area_km2": 0.10218, "inside_fraction": 1.0, "centre_inside": true}}, {"type": "Feature", "geometry": {"type": "Polygon", "coordinates": [[[67.1940199793292, 24.85229907434429], [67.19504555184238, 24.85079102378727], [67.1970825797896, 24.850762673632374], [67.19809412573234, 24.852242378504553], [67.19706859389827, 24.853750482390232], [67.19503147543904, 24.853778828074887], [67.1940199793292, 24.85229907434429]]]}, "properties": {"h3": "8942e44e383ffff", "area_km2": 0.102207, "clipped_area_km2": 0.102207, "inside_fraction": 1.0, "centre_inside": true}}, {"type": "Feature", "geometry": {"type": "Polygon", "coordinates": [[[67.19706859389827, 24.853750482390232], [67.19809412573234, 24.852242378504553], [67.20013120745902, 24.852213989016136], [67.20114284786516, 24.853693707876452], [67.20011735672117, 24.855201865088404], [67.19808018447763, 24.855230250113593], [67.19706859389827, 24.853750482390232]]]}, "properties": {"h3": "8942e44e387ffff", "area_km2": 0.10221, "clipped_area_km2": 0.10221, "inside_fraction": 1.0, "centre_inside": true}}, {"type": "Feature", "geometry": {"type": "Polygon", "coordinates": [[[67.19403410036078, 24.849311332913157], [67.19505962699466, 24.84780334074121], [67.1970965644379, 24.847774986116637], [67.19810806574793, 24.849254628133487], [67.1970825797896, 24.850762673632374], [67.19504555184238, 24.85079102378727], [67.19403410036078, 24.849311332913157]]]}, "properties": {"h3": "8942e44e38bffff", "area_km2": 0.102201, "clipped_area_km2": 0.102201, "inside_fraction": 1.0, "centre_inside": true}}, {"type": "Feature", "geometry": {"type": "Polygon", "coordinates": [[[67.1970825797896, 24.850762673632374], [67.19810806574793, 24.849254628133487], [67.20014505696581, 24.849226234182456], [67.20115665273084, 24.85070589019274], [67.20013120745902, 24.852213989016136], [67.19809412573234, 24.852242378504553], [67.1970825797896, 24.850762673632374]]]}, "properties": {"h3": "8942e44e38fffff", "area_km2": 0.102204, "clipped_area_km2": 0.102204, "inside_fraction": 1.0, "centre_inside": true}}, {"type": "Feature", "geometry": {"type": "Polygon", "coordinates": [[[67.19095725559468, 24.853835436300514], [67.19198291466299, 24.852327380695957], [67.1940199793292, 24.85229907434429], [67.19503147543904, 24.853778828074887], [67.19400585704243, 24.85528693701223], [67.19196870186099, 24.855315238886007], [67.19095725559468, 24.853835436300514]]]}, "properties": {"h3": "8942e44e393ffff", "area_km2": 0.10221, "clipped_area_km2": 0.10221, "inside_fraction": 1.0, "centre_inside": true}}, {"type": "Feature", "geometry": {"type": "Polygon", "coordinates": [[[67.19400585704243, 24.85528693701223], [67.19503147543904, 24.853778828074887], [67.19706859389827, 24.853750482390232], [67.19808018447763, 24.855230250113593], [67.19705460676371, 24.85673841238135], [67.19501739778444, 24.856766753595153], [67.19400585704243, 24.85528693701223]]]}, "properties": {"h3": "8942e44e397ffff", "area_km2": 0.102213, "clipped_area_km2": 0.102213, "inside_fraction": 1.0, "centre_inside": true}}, {"type": "Feature", "geometry": {"type": "Polygon", "coordinates": [[[67.19097151302041, 24.85084764096808], [67.19199712620174, 24.849339643742105], [67.19403410036078, 24.849311332913157], [67.19504555184238, 24.85079102378727], [67.1940199793292, 24.85229907434429], [67.19198291466299, 24.852327380695957], [67.19097151302041, 24.85084764096808]]]}, "properties": {"h3": "8942e44e39bffff", "area_km2": 0.102203, "clipped_area_km2": 0.102203, "inside_fraction": 1.0, "centre_inside": true}}, {"type": "Feature", "geometry": {"type": "Polygon", "coordinates": [[[67.20319369771462, 24.850677456907675], [67.2042190564245, 24.849169363157152], [67.20625606465508, 24.849140886082566], [67.2072678046829, 24.85062050720629], [67.20624248667792, 24.852128654274832], [67.20420538793692, 24.852157126901446], [67.20319369771462, 24.850677456907675]]]}, "properties": {"h3": "8942e44e3abffff", "area_km2": 0.102205, "clipped_area_km2": 0.092784, "inside_fraction": 0.907825, "centre_inside": true}}, {"type": "Feature", "geometry": {"type": "Polygon", "coordinates": [[[67.20011735672117, 24.855201865088404], [67.20114284786516, 24.853693707876452], [67.20317998336257, 24.853665279047007], [67.20419171823438, 24.8551450118855], [67.20316626779145, 24.85665322242134], [67.20112904177235, 24.85668164679461], [67.20011735672117, 24.855201865088404]]]}, "properties": {"h3": "8942e44e3b3ffff", "area_km2": 0.102214, "clipped_area_km2": 0.048237, "inside_fraction": 0.471923, "centre_inside": false}}, {"type": "Feature", "geometry": {"type": "Polygon", "coordinates": [[[67.20013120745902, 24.852213989016136], [67.20115665273084, 24.85070589019274], [67.20319369771462, 24.850677456907675], [67.20420538793692, 24.852157126901446], [67.20317998336257, 24.853665279047007], [67.20114284786516, 24.853693707876452], [67.20013120745902, 24.852213989016136]]]}, "properties": {"h3": "8942e44e3bbffff", "area_km2": 0.102208, "clipped_area_km2": 0.102208, "inside_fraction": 1.0, "centre_inside": true}}, {"type": "Feature", "geometry": {"type": "Polygon", "coordinates": [[[67.19100002407059, 24.844872414033123], [67.19202554549025, 24.843364533578537], [67.19406233865907, 24.843336213796775], [67.19507370089602, 24.844815778945545], [67.19404822013735, 24.846323712727695], [67.19201133647744, 24.846352028033355], [67.19100002407059, 24.844872414033123]]]}, "properties": {"h3": "8942e44e3c3ffff", "area_km2": 0.102191, "clipped_area_km2": 0.102191, "inside_fraction": 1.0, "centre_inside": true}}, {"type": "Feature", "geometry": {"type": "Polygon", "coordinates": [[[67.19404822013735, 24.846323712727695], [67.19507370089602, 24.844815778945545], [67.19711054784334, 24.844787419851894], [67.1981220045246, 24.8462669990093], [67.1970965644379, 24.847774986116637], [67.19505962699466, 24.84780334074121], [67.19404822013735, 24.846323712727695]]]}, "properties": {"h3": "8942e44e3c7ffff", "area_km2": 0.102194, "clipped_area_km2": 0.102194, "inside_fraction": 1.0, "centre_inside": true}}, {"type": "Feature", "geometry": {"type": "Polygon", "coordinates": [[[67.19101427769536, 24.84188498244834], [67.19203975324034, 24.84037716038652], [67.19407645592608, 24.840348836129262], [67.19508777354662, 24.84182833840915], [67.19406233865907, 24.843336213796775], [67.19202554549025, 24.843364533578537], [67.19101427769536, 24.84188498244834]]]}, "properties": {"h3": "8942e44e3cbffff", "area_km2": 0.102184, "clipped_area_km2": 0.102184, "inside_fraction": 1.0, "centre_inside": true}}, {"type": "Feature", "geometry": {"type": "Polygon", "coordinates": [[[67.19406233865907, 24.843336213796775], [67.19508777354662, 24.84182833840915], [67.19712453000605, 24.841799974847017], [67.19813594206249, 24.84327949114082], [67.19711054784334, 24.844787419851894], [67.19507370089602, 24.844815778945545], [67.19406233865907, 24.843336213796775]]]}, "properties": {"h3": "8942e44e3cfffff", "area_km2": 0.102188, "clipped_area_km2": 0.102188, "inside_fraction": 1.0, "centre_inside": true}}, {"type": "Feature", "geometry": {"type": "Polygon", "coordinates": [[[67.18793758625074, 24.84640857553833], [67.18896319420276, 24.84490069002739], [67.19100002407059, 24.844872414033123], [67.19201133647744, 24.846352028033355], [67.19098576917902, 24.847859966875987], [67.18894884881685, 24.847888238386517], [67.18793758625074, 24.84640857553833]]]}, "properties": {"h3": "8942e44e3d3ffff", "area_km2": 0.102193, "clipped_area_km2": 0.102193, "inside_fraction": 1.0, "centre_inside": true}}, {"type": "Feature", "geometry": {"type": "Polygon", "coordinates": [[[67.19098576917902, 24.847859966875987], [67.19201133647744, 24.846352028033355], [67.19404822013735, 24.846323712727695], [67.19505962699466, 24.84780334074121], [67.19403410036078, 24.849311332913157], [67.19199712620174, 24.849339643742105], [67.19098576917902, 24.847859966875987]]]}, "properties": {"h3": "8942e44e3d7ffff", "area_km2": 0.102197, "clipped_area_km2": 0.102197, "inside_fraction": 1.0, "centre_inside": true}}, {"type": "Feature", "geometry": {"type": "Polygon", "coordinates": [[[67.1879519762441, 24.84342109005038], [67.18897753831378, 24.84191326292574], [67.19101427769536, 24.84188498244834], [67.19202554549025, 24.843364533578537], [67.19100002407059, 24.844872414033123], [67.18896319420276, 24.84490069002739], [67.1879519762441, 24.84342109005038]]]}, "properties": {"h3": "8942e44e3dbffff", "area_km2": 0.102187, "clipped_area_km2": 0.102187, "inside_fraction": 1.0, "centre_inside": true}}, {"type": "Feature", "geometry": {"type": "Polygon", "coordinates": [[[67.15727491978204, 24.86774446755888], [67.15830148500304, 24.866236415438912], [67.16033886235336, 24.866208586831004], [67.16134976502178, 24.867688814904067], [67.1603232403874, 24.86919692040047], [67.15828577249468, 24.86922474444719], [67.15727491978204, 24.86774446755888]]]}, "properties": {"h3": "8942e44e403ffff", "area_km2": 0.102233, "clipped_area_km2": 0.074842, "inside_fraction": 0.732077, "centre_inside": true}}, {"type": "Feature", "geometry": {"type": "Polygon", "coordinates": [[[67.1603232403874, 24.86919692040047], [67.16134976502178, 24.867688814904067], [67.16338719630929, 24.867660946975903], [67.16439819350636, 24.86914118909815], [67.16337170946956, 24.87064934796864], [67.16133418763481, 24.870677211342617], [67.1603232403874, 24.86919692040047]]]}, "properties": {"h3": "8942e44e407ffff", "area_km2": 0.102236, "clipped_area_km2": 0.026271, "inside_fraction": 0.256964, "centre_inside": false}}, {"type": "Feature", "geometry": {"type": "Polygon", "coordinates": [[[67.15729067686095, 24.86475620142499], [67.15831719611461, 24.863248207617033], [67.1603544829306, 24.86322037444852], [67.16136534102397, 24.864700539648336], [67.16033886235336, 24.866208586831004], [67.15830148500304, 24.866236415438912], [67.15729067686095, 24.86475620142499]]]}, "properties": {"h3": "8942e44e40bffff", "area_km2": 0.102226, "clipped_area_km2": 0.102226, "inside_fraction": 1.0, "centre_inside": true}}, {"type": "Feature", "geometry": {"type": "Polygon", "coordinates": [[[67.16033886235336, 24.866208586831004], [67.16136534102397, 24.864700539648336], [67.16340268177228, 24.864672667166605], [67.16441363438587, 24.86615284642092], [67.16338719630929, 24.867660946975903], [67.16134976502178, 24.867688814904067], [67.16033886235336, 24.866208586831004]]]}, "properties": {"h3": "8942e44e40fffff", "area_km2": 0.10223, "clipped_area_km2": 0.10223, "inside_fraction": 1.0, "centre_inside": true}}, {"type": "Feature", "geometry": {"type": "Polygon", "coordinates": [[[67.15421085406845, 24.869280309332552], [67.15523750584006, 24.867772252285896], [67.15727491978204, 24.86774446755888], [67.15828577249468, 24.86922474444719], [67.15725916130225, 24.870732854874433], [67.15522165681469, 24.870760635032585], [67.15421085406845, 24.869280309332552]]]}, "properties": {"h3": "8942e44e413ffff", "area_km2": 0.102235, "clipped_area_km2": 0.033806, "inside_fraction": 0.330673, "centre_inside": false}}, {"type": "Feature", "geometry": {"type": "Polygon", "coordinates": [[[67.1542267476599, 24.86629198946136], [67.1552533534565, 24.864783990720234], [67.15729067686095, 24.86475620142499], [67.15830148500304, 24.866236415438912], [67.15727491978204, 24.86774446755888], [67.15523750584006, 24.867772252285896], [67.1542267476599, 24.86629198946136]]]}, "properties": {"h3": "8942e44e41bffff", "area_km2": 0.102229, "clipped_area_km2": 0.102229, "inside_fraction": 1.0, "centre_inside": true}}, {"type": "Feature", "geometry": {"type": "Polygon", "coordinates": [[[67.16645102905781, 24.866124934618426], [67.16747738057687, 24.86461683901549], [67.1695147386229, 24.864588883345764], [67.17052583568741, 24.866069027817698], [67.16949952478079, 24.867577176786458], [67.16746207619393, 24.867605127917276], [67.16645102905781, 24.866124934618426]]]}, "properties": {"h3": "8942e44e42bffff", "area_km2": 0.102231, "clipped_area_km2": 0.101443, "inside_fraction": 0.992295, "centre_inside": true}}, {"type": "Feature", "geometry": {"type": "Polygon", "coordinates": [[[67.16338719630929, 24.867660946975903], [67.16441363438587, 24.86615284642092], [67.16645102905781, 24.866124934618426], [67.16746207619393, 24.867605127917276], [67.16643567872235, 24.869113281842203], [67.16439819350636, 24.86914118909815], [67.16338719630929, 24.867660946975903]]]}, "properties": {"h3": "8942e44e43bffff", "area_km2": 0.102234, "clipped_area_km2": 0.078919, "inside_fraction": 0.771949, "centre_inside": true}}, {"type": "Feature", "geometry": {"type": "Polygon", "coordinates": [[[67.15425853060444, 24.860315713283434], [67.15528504446337, 24.85880783116759], [67.15732218681688, 24.858780032737673], [67.15833290582961, 24.86026012099045], [67.15730643253917, 24.86176805648163], [67.15526919966422, 24.861795850344503], [67.15425853060444, 24.860315713283434]]]}, "properties": {"h3": "8942e44e443ffff", "area_km2": 0.102217, "clipped_area_km2": 0.102217, "inside_fraction": 1.0, "centre_inside": true}}, {"type": "Feature", "geometry": {"type": "Polygon", "coordinates": [[[67.15730643253917, 24.86176805648163], [67.15833290582961, 24.86026012099045], [67.16037010211929, 24.8602322832619], [67.16138091564154, 24.861712385584372], [67.1603544829306, 24.86322037444852], [67.15831719611461, 24.863248207617033], [67.15730643253917, 24.86176805648163]]]}, "properties": {"h3": "8942e44e447ffff", "area_km2": 0.10222, "clipped_area_km2": 0.10222, "inside_fraction": 1.0, "centre_inside": true}}, {"type": "Feature", "geometry": {"type": "Polygon", "coordinates": [[[67.15427441995789, 24.85732775699445], [67.15530088785415, 24.855819933198372], [67.15733793969427, 24.85579213020202], [67.15834861414821, 24.85727215556799], [67.15732218681688, 24.858780032737673], [67.15528504446337, 24.85880783116759], [67.15427441995789, 24.85732775699445]]]}, "properties": {"h3": "8942e44e44bffff", "area_km2": 0.10221, "clipped_area_km2": 0.10221, "inside_fraction": 1.0, "centre_inside": true}}, {"type": "Feature", "geometry": {"type": "Polygon", "coordinates": [[[67.15732218681688, 24.858780032737673], [67.15834861414821, 24.85727215556799], [67.16038571991965, 24.85724431328006], [67.16139648887471, 24.858724352721005], [67.16037010211929, 24.8602322832619], [67.15833290582961, 24.86026012099045], [67.15732218681688, 24.858780032737673]]]}, "properties": {"h3": "8942e44e44fffff", "area_km2": 0.102214, "clipped_area_km2": 0.102214, "inside_fraction": 1.0, "centre_inside": true}}, {"type": "Feature", "geometry": {"type": "Polygon", "coordinates": [[[67.1511947512924, 24.861851354899628], [67.15222135167919, 24.860343467848224], [67.15425853060444, 24.860315713283434], [67.15526919966422, 24.861795850344503], [67.1542426398385, 24.863303790775372], [67.15220537038863, 24.863331540765497], [67.1511947512924, 24.861851354899628]]]}, "properties": {"h3": "8942e44e453ffff", "area_km2": 0.102219, "clipped_area_km2": 0.102219, "inside_fraction": 1.0, "centre_inside": true}}, {"type": "Feature", "geometry": {"type": "Polygon", "coordinates": [[[67.1542426398385, 24.863303790775372], [67.15526919966422, 24.861795850344503], [67.15730643253917, 24.86176805648163], [67.15831719611461, 24.863248207617033], [67.15729067686095, 24.86475620142499], [67.1552533534565, 24.864783990720234], [67.1542426398385, 24.863303790775372]]]}, "properties": {"h3": "8942e44e457ffff", "area_km2": 0.102223, "clipped_area_km2": 0.102223, "inside_fraction": 1.0, "centre_inside": true}}, {"type": "Feature", "geometry": {"type": "Polygon", "coordinates": [[[67.15121077713276, 24.858863344871427], [67.15223733154923, 24.857355516133307], [67.15427441995789, 24.85732775699445], [67.15528504446337, 24.85880783116759], [67.15425853060444, 24.860315713283434], [67.15222135167919, 24.860343467848224], [67.15121077713276, 24.858863344871427]]]}, "properties": {"h3": "8942e44e45bffff", "area_km2": 0.102213, "clipped_area_km2": 0.102213, "inside_fraction": 1.0, "centre_inside": true}}, {"type": "Feature", "geometry": {"type": "Polygon", "coordinates": [[[67.1634181658587, 24.861684508549658], [67.16444451202722, 24.86017652463992], [67.16648172563521, 24.86014860374613], [67.16749268359933, 24.861628671307244], [67.16646637802872, 24.86313670858344], [67.16442907389278, 24.863164624931883], [67.1634181658587, 24.861684508549658]]]}, "properties": {"h3": "8942e44e463ffff", "area_km2": 0.102221, "clipped_area_km2": 0.102221, "inside_fraction": 1.0, "centre_inside": true}}, {"type": "Feature", "geometry": {"type": "Polygon", "coordinates": [[[67.16646637802872, 24.86313670858344], [67.16749268359933, 24.861628671307244], [67.16952995111257, 24.861600711099207], [67.17054100358466, 24.86308079270549], [67.1695147386229, 24.864588883345764], [67.16747738057687, 24.86461683901549], [67.16646637802872, 24.86313670858344]]]}, "properties": {"h3": "8942e44e467ffff", "area_km2": 0.102225, "clipped_area_km2": 0.102225, "inside_fraction": 1.0, "centre_inside": true}}, {"type": "Feature", "geometry": {"type": "Polygon", "coordinates": [[[67.16343364856877, 24.858696471133932], [67.1644599487894, 24.857188545553925], [67.16649707187749, 24.8571606201154], [67.16750798526154, 24.858640624801424], [67.16648172563521, 24.86014860374613], [67.16444451202722, 24.86017652463992], [67.16343364856877, 24.858696471133932]]]}, "properties": {"h3": "8942e44e46bffff", "area_km2": 0.102215, "clipped_area_km2": 0.102215, "inside_fraction": 1.0, "centre_inside": true}}, {"type": "Feature", "geometry": {"type": "Polygon", "coordinates": [[[67.16648172563521, 24.86014860374613], [67.16750798526154, 24.858640624801424], [67.16954516225, 24.85861266005567], [67.1705561701336, 24.860092678792157], [67.16952995111257, 24.861600711099207], [67.16749268359933, 24.861628671307244], [67.16648172563521, 24.86014860374613]]]}, "properties": {"h3": "8942e44e46fffff", "area_km2": 0.102218, "clipped_area_km2": 0.102218, "inside_fraction": 1.0, "centre_inside": true}}, {"type": "Feature", "geometry": {"type": "Polygon", "coordinates": [[[67.1603544829306, 24.86322037444852], [67.16138091564154, 24.861712385584372], [67.1634181658587, 24.861684508549658], [67.16442907389278, 24.863164624931883], [67.16340268177228, 24.864672667166605], [67.16136534102397, 24.864700539648336], [67.1603544829306, 24.86322037444852]]]}, "properties": {"h3": "8942e44e473ffff", "area_km2": 0.102224, "clipped_area_km2": 0.102224, "inside_fraction": 1.0, "centre_inside": true}}, {"type": "Feature", "geometry": {"type": "Polygon", "coordinates": [[[67.16340268177228, 24.864672667166605], [67.16442907389278, 24.863164624931883], [67.16646637802872, 24.86313670858344], [67.16747738057687, 24.86461683901549], [67.16645102905781, 24.866124934618426], [67.16441363438587, 24.86615284642092], [67.16340268177228, 24.864672667166605]]]}, "properties": {"h3": "8942e44e477ffff", "area_km2": 0.102227, "clipped_area_km2": 0.102227, "inside_fraction": 1.0, "centre_inside": true}}, {"type": "Feature", "geometry": {"type": "Polygon", "coordinates": [[[67.16037010211929, 24.8602322832619], [67.16139648887471, 24.858724352721005], [67.16343364856877, 24.858696471133932], [67.16444451202722, 24.86017652463992], [67.1634181658587, 24.861684508549658], [67.16138091564154, 24.861712385584372], [67.16037010211929, 24.8602322832619]]]}, "properties": {"h3": "8942e44e47bffff", "area_km2": 0.102217, "clipped_area_km2": 0.102217, "inside_fraction": 1.0, "centre_inside": true}}, {"type": "Feature", "geometry": {"type": "Polygon", "coordinates": [[[67.1481146851159, 24.86637514251406], [67.14914141801295, 24.86486719223569], [67.15117872402737, 24.86483948612541], [67.15218938767735, 24.86631973487623], [67.15116269533753, 24.86782773853993], [67.14912529878723, 24.867855440067295], [67.1481146851159, 24.86637514251406]]]}, "properties": {"h3": "8942e44e4c3ffff", "area_km2": 0.102228, "clipped_area_km2": 0.100985, "inside_fraction": 0.987841, "centre_inside": true}}, {"type": "Feature", "geometry": {"type": "Polygon", "coordinates": [[[67.15116269533753, 24.86782773853993], [67.15218938767735, 24.86631973487623], [67.1542267476599, 24.86629198946136], [67.15523750584006, 24.867772252285896], [67.15421085406845, 24.869280309332552], [67.15217340354516, 24.869308050171536], [67.15116269533753, 24.86782773853993]]]}, "properties": {"h3": "8942e44e4c7ffff", "area_km2": 0.102232, "clipped_area_km2": 0.102232, "inside_fraction": 1.0, "centre_inside": true}}, {"type": "Feature", "geometry": {"type": "Polygon", "coordinates": [[[67.14813084889086, 24.86338695756852], [67.14915753580577, 24.861879065592195], [67.1511947512924, 24.861851354899628], [67.15220537038863, 24.863331540765497], [67.15117872402737, 24.86483948612541], [67.14914141801295, 24.86486719223569], [67.14813084889086, 24.86338695756852]]]}, "properties": {"h3": "8942e44e4cbffff", "area_km2": 0.102222, "clipped_area_km2": 0.099144, "inside_fraction": 0.969886, "centre_inside": true}}, {"type": "Feature", "geometry": {"type": "Polygon", "coordinates": [[[67.15117872402737, 24.86483948612541], [67.15220537038863, 24.863331540765497], [67.1542426398385, 24.863303790775372], [67.1552533534565, 24.864783990720234], [67.1542267476599, 24.86629198946136], [67.15218938767735, 24.86631973487623], [67.15117872402737, 24.86483948612541]]]}, "properties": {"h3": "8942e44e4cfffff", "area_km2": 0.102225, "clipped_area_km2": 0.102225, "inside_fraction": 1.0, "centre_inside": true}}, {"type": "Feature", "geometry": {"type": "Polygon", "coordinates": [[[67.14809851990394, 24.869363448642964], [67.14912529878723, 24.867855440067295], [67.15116269533753, 24.86782773853993], [67.15217340354516, 24.869308050171536], [67.15114666522265, 24.870816112134264], [67.14910917812844, 24.87084380907814], [67.14809851990394, 24.869363448642964]]]}, "properties": {"h3": "8942e44e4d7ffff", "area_km2": 0.102234, "clipped_area_km2": 0.078757, "inside_fraction": 0.770356, "centre_inside": true}}, {"type": "Feature", "geometry": {"type": "Polygon", "coordinates": [[[67.15738518992636, 24.84682914993356], [67.15841143346243, 24.845321506097278], [67.16044817724126, 24.84529364557775], [67.16145876796685, 24.846773433451318], [67.16043256499246, 24.84828113065182], [67.15839573072753, 24.848308986614356], [67.15738518992636, 24.84682914993356]]]}, "properties": {"h3": "8942e44e603ffff", "area_km2": 0.102189, "clipped_area_km2": 0.102189, "inside_fraction": 1.0, "centre_inside": true}}, {"type": "Feature", "geometry": {"type": "Polygon", "coordinates": [[[67.16043256499246, 24.84828113065182], [67.16145876796685, 24.846773433451318], [67.16349556564892, 24.84674553366075], [67.16450625084424, 24.84822533562047], [67.16348008844251, 24.849733086182834], [67.1614432002695, 24.84976098142343], [67.16043256499246, 24.84828113065182]]]}, "properties": {"h3": "8942e44e607ffff", "area_km2": 0.102192, "clipped_area_km2": 0.102192, "inside_fraction": 1.0, "centre_inside": true}}, {"type": "Feature", "geometry": {"type": "Polygon", "coordinates": [[[67.15740093720433, 24.843841732319806], [67.15842713480185, 24.84233414682871], [67.16046378810265, 24.842306281752794], [67.16147433428067, 24.843786006724176], [67.16044817724126, 24.84529364557775], [67.15841143346243, 24.845321506097278], [67.15740093720433, 24.843841732319806]]]}, "properties": {"h3": "8942e44e60bffff", "area_km2": 0.102182, "clipped_area_km2": 0.102182, "inside_fraction": 1.0, "centre_inside": true}}, {"type": "Feature", "geometry": {"type": "Polygon", "coordinates": [[[67.16044817724126, 24.84529364557775], [67.16147433428067, 24.843786006724176], [67.16351104147985, 24.843758102384246], [67.16452168211922, 24.84523784144705], [67.16349556564892, 24.84674553366075], [67.16145876796685, 24.846773433451318], [67.16044817724126, 24.84529364557775]]]}, "properties": {"h3": "8942e44e60fffff", "area_km2": 0.102186, "clipped_area_km2": 0.102186, "inside_fraction": 1.0, "centre_inside": true}}, {"type": "Feature", "geometry": {"type": "Polygon", "coordinates": [[[67.15432207954521, 24.84836461543396], [67.1553484095782, 24.84685696662558], [67.15738518992636, 24.84682914993356], [67.15839573072753, 24.848308986614356], [67.1573694412488, 24.849816688791098], [67.15533257041139, 24.84984450091849], [67.15432207954521, 24.84836461543396]]]}, "properties": {"h3": "8942e44e613ffff", "area_km2": 0.102191, "clipped_area_km2": 0.102191, "inside_fraction": 1.0, "centre_inside": true}}, {"type": "Feature", "geometry": {"type": "Polygon", "coordinates": [[[67.1573694412488, 24.849816688791098], [67.15839573072753, 24.848308986614356], [67.16043256499246, 24.84828113065182], [67.1614432002695, 24.84976098142343], [67.16041695135605, 24.851268736966144], [67.158380026597, 24.85129658837108], [67.1573694412488, 24.849816688791098]]]}, "properties": {"h3": "8942e44e617ffff", "area_km2": 0.102195, "clipped_area_km2": 0.102195, "inside_fraction": 1.0, "centre_inside": true}}, {"type": "Feature", "geometry": {"type": "Polygon", "coordinates": [[[67.15433796325061, 24.845377144045525], [67.15536424733739, 24.843869553575843], [67.15740093720433, 24.843841732319806], [67.15841143346243, 24.845321506097278], [67.15738518992636, 24.84682914993356], [67.1553484095782, 24.84685696662558], [67.15433796325061, 24.845377144045525]]]}, "properties": {"h3": "8942e44e61bffff", "area_km2": 0.102185, "clipped_area_km2": 0.102185, "inside_fraction": 1.0, "centre_inside": true}}, {"type": "Feature", "geometry": {"type": "Polygon", "coordinates": [[[67.16654310242085, 24.848197396551313], [67.1675691783111, 24.846689650979894], [67.16960599328097, 24.846661668089293], [67.1706168228499, 24.848141435305216], [67.16959078755069, 24.849649234231983], [67.16755388208823, 24.849677212587267], [67.16654310242085, 24.848197396551313]]]}, "properties": {"h3": "8942e44e623ffff", "area_km2": 0.102193, "clipped_area_km2": 0.102193, "inside_fraction": 1.0, "centre_inside": true}}, {"type": "Feature", "geometry": {"type": "Polygon", "coordinates": [[[67.16959078755069, 24.849649234231983], [67.1706168228499, 24.848141435305216], [67.17265369169206, 24.848113413127933], [67.17366461572917, 24.84959319440552], [67.17263862103198, 24.851101046685265], [67.17060166169237, 24.851129064334252], [67.16959078755069, 24.849649234231983]]]}, "properties": {"h3": "8942e44e627ffff", "area_km2": 0.102197, "clipped_area_km2": 0.102197, "inside_fraction": 1.0, "centre_inside": true}}, {"type": "Feature", "geometry": {"type": "Polygon", "coordinates": [[[67.1665584432081, 24.845209897835566], [67.16758447317459, 24.843702210619313], [67.16962119765991, 24.843674223193982], [67.17063198266, 24.84515392751943], [67.16960599328097, 24.846661668089293], [67.1675691783111, 24.846689650979894], [67.1665584432081, 24.845209897835566]]]}, "properties": {"h3": "8942e44e62bffff", "area_km2": 0.102187, "clipped_area_km2": 0.102187, "inside_fraction": 1.0, "centre_inside": true}}, {"type": "Feature", "geometry": {"type": "Polygon", "coordinates": [[[67.16960599328097, 24.846661668089293], [67.17063198266, 24.84515392751943], [67.17266876101277, 24.84512590081447], [67.17367964047263, 24.846605619206862], [67.17265369169206, 24.848113413127933], [67.1706168228499, 24.848141435305216], [67.16960599328097, 24.846661668089293]]]}, "properties": {"h3": "8942e44e62fffff", "area_km2": 0.102191, "clipped_area_km2": 0.102191, "inside_fraction": 1.0, "centre_inside": true}}, {"type": "Feature", "geometry": {"type": "Polygon", "coordinates": [[[67.16348008844251, 24.849733086182834], [67.16450625084424, 24.84822533562047], [67.16654310242085, 24.848197396551313], [67.16755388208823, 24.849677212587267], [67.16652776027013, 24.851185016509113], [67.16449081819775, 24.85121295103532], [67.16348008844251, 24.849733086182834]]]}, "properties": {"h3": "8942e44e633ffff", "area_km2": 0.102196, "clipped_area_km2": 0.102196, "inside_fraction": 1.0, "centre_inside": true}}, {"type": "Feature", "geometry": {"type": "Polygon", "coordinates": [[[67.16652776027013, 24.851185016509113], [67.16755388208823, 24.849677212587267], [67.16959078755069, 24.849649234231983], [67.17060166169237, 24.851129064334252], [67.16957558046889, 24.852636921613183], [67.1675385845058, 24.85266489543256], [67.16652776027013, 24.851185016509113]]]}, "properties": {"h3": "8942e44e637ffff", "area_km2": 0.1022, "clipped_area_km2": 0.1022, "inside_fraction": 1.0, "centre_inside": true}}, {"type": "Feature", "geometry": {"type": "Polygon", "coordinates": [[[67.16349556564892, 24.84674553366075], [67.16452168211922, 24.84523784144705], [67.1665584432081, 24.845209897835566], [67.1675691783111, 24.846689650979894], [67.16654310242085, 24.848197396551313], [67.16450625084424, 24.84822533562047], [67.16349556564892, 24.84674553366075]]]}, "properties": {"h3": "8942e44e63bffff", "area_km2": 0.10219, "clipped_area_km2": 0.10219, "inside_fraction": 1.0, "centre_inside": true}}, {"type": "Feature", "geometry": {"type": "Polygon", "coordinates": [[[67.15436972642699, 24.83940256501941], [67.15539591863369, 24.837895091241336], [67.15743242756227, 24.83786726085907], [67.15844283474601, 24.83934690881751], [67.15741668308289, 24.84085443595869], [67.15538008368915, 24.840882261778145], [67.15436972642699, 24.83940256501941]]]}, "properties": {"h3": "8942e44e643ffff", "area_km2": 0.102173, "clipped_area_km2": 0.102173, "inside_fraction": 1.0, "centre_inside": true}}, {"type": "Feature", "geometry": {"type": "Polygon", "coordinates": [[[67.15741668308289, 24.84085443595869], [67.15844283474601, 24.83934690881751], [67.1604793975768, 24.839319039185803], [67.16148989921118, 24.840798701250865], [67.16046378810265, 24.842306281752794], [67.15842713480185, 24.84233414682871], [67.15741668308289, 24.84085443595869]]]}, "properties": {"h3": "8942e44e647ffff", "area_km2": 0.102176, "clipped_area_km2": 0.102176, "inside_fraction": 1.0, "centre_inside": true}}, {"type": "Feature", "geometry": {"type": "Polygon", "coordinates": [[[67.15438560589833, 24.83641545739946], [67.15541175217118, 24.83490804197428], [67.15744817064262, 24.834880207029812], [67.15845853329506, 24.83635979207254], [67.15743242756227, 24.83786726085907], [67.15539591863369, 24.837895091241336], [67.15438560589833, 24.83641545739946]]]}, "properties": {"h3": "8942e44e64bffff", "area_km2": 0.102166, "clipped_area_km2": 0.037674, "inside_fraction": 0.368751, "centre_inside": false}}, {"type": "Feature", "geometry": {"type": "Polygon", "coordinates": [[[67.15743242756227, 24.83786726085907], [67.15845853329506, 24.83635979207254], [67.16049500566388, 24.836331917885655], [67.16150546275858, 24.837811517040283], [67.1604793975768, 24.839319039185803], [67.15844283474601, 24.83934690881751], [67.15743242756227, 24.83786726085907]]]}, "properties": {"h3": "8942e44e64fffff", "area_km2": 0.10217, "clipped_area_km2": 0.079155, "inside_fraction": 0.774742, "centre_inside": true}}, {"type": "Feature", "geometry": {"type": "Polygon", "coordinates": [[[67.15130690226813, 24.840937830348977], [67.152333180949, 24.839430351589947], [67.15436972642699, 24.83940256501941], [67.15538008368915, 24.840882261778145], [67.15435384554448, 24.842389793904392], [67.15231720959814, 24.842417575904488], [67.15130690226813, 24.840937830348977]]]}, "properties": {"h3": "8942e44e653ffff", "area_km2": 0.102175, "clipped_area_km2": 0.036176, "inside_fraction": 0.354062, "centre_inside": false}}, {"type": "Feature", "geometry": {"type": "Polygon", "coordinates": [[[67.15435384554448, 24.842389793904392], [67.15538008368915, 24.840882261778145], [67.15741668308289, 24.84085443595869], [67.15842713480185, 24.84233414682871], [67.15740093720433, 24.843841732319806], [67.15536424733739, 24.843869553575843], [67.15435384554448, 24.842389793904392]]]}, "properties": {"h3": "8942e44e657ffff", "area_km2": 0.102179, "clipped_area_km2": 0.102179, "inside_fraction": 1.0, "centre_inside": true}}, {"type": "Feature", "geometry": {"type": "Polygon", "coordinates": [[[67.16352651593552, 24.840770792362182], [67.16455254055533, 24.83926321686005], [67.16658912069283, 24.839235264165676], [67.16759976667889, 24.840714891514374], [67.16657378263203, 24.842222520370733], [67.16453711202286, 24.842250468523975], [67.16352651593552, 24.840770792362182]]]}, "properties": {"h3": "8942e44e663ffff", "area_km2": 0.102177, "clipped_area_km2": 0.102177, "inside_fraction": 1.0, "centre_inside": true}}, {"type": "Feature", "geometry": {"type": "Polygon", "coordinates": [[[67.16657378263203, 24.842222520370733], [67.16759976667889, 24.840714891514374], [67.1696364006877, 24.840686899554925], [67.17064714112287, 24.84216654098577], [67.16962119765991, 24.843674223193982], [67.16758447317459, 24.843702210619313], [67.16657378263203, 24.842222520370733]]]}, "properties": {"h3": "8942e44e667ffff", "area_km2": 0.102181, "clipped_area_km2": 0.102181, "inside_fraction": 1.0, "centre_inside": true}}, {"type": "Feature", "geometry": {"type": "Polygon", "coordinates": [[[67.16354198901608, 24.837783603603423], [67.16456796771682, 24.83627608646417], [67.1666044573907, 24.836248129229254], [67.16761505882417, 24.837727693673934], [67.16658912069283, 24.839235264165676], [67.16455254055533, 24.83926321686005], [67.16354198901608, 24.837783603603423]]]}, "properties": {"h3": "8942e44e66bffff", "area_km2": 0.102171, "clipped_area_km2": 0.102171, "inside_fraction": 1.0, "centre_inside": true}}, {"type": "Feature", "geometry": {"type": "Polygon", "coordinates": [[[67.16658912069283, 24.839235264165676], [67.16761505882417, 24.837727693673934], [67.16965160236451, 24.83769969718098], [67.1706622982387, 24.83917927571308], [67.1696364006877, 24.840686899554925], [67.16759976667889, 24.840714891514374], [67.16658912069283, 24.839235264165676]]]}, "properties": {"h3": "8942e44e66fffff", "area_km2": 0.102174, "clipped_area_km2": 0.102174, "inside_fraction": 1.0, "centre_inside": true}}, {"type": "Feature", "geometry": {"type": "Polygon", "coordinates": [[[67.16046378810265, 24.842306281752794], [67.16148989921118, 24.840798701250865], [67.16352651593552, 24.840770792362182], [67.16453711202286, 24.842250468523975], [67.16351104147985, 24.843758102384246], [67.16147433428067, 24.843786006724176], [67.16046378810265, 24.842306281752794]]]}, "properties": {"h3": "8942e44e673ffff", "area_km2": 0.10218, "clipped_area_km2": 0.10218, "inside_fraction": 1.0, "centre_inside": true}}, {"type": "Feature", "geometry": {"type": "Polygon", "coordinates": [[[67.16351104147985, 24.843758102384246], [67.16453711202286, 24.842250468523975], [67.16657378263203, 24.842222520370733], [67.16758447317459, 24.843702210619313], [67.1665584432081, 24.845209897835566], [67.16452168211922, 24.84523784144705], [67.16351104147985, 24.843758102384246]]]}, "properties": {"h3": "8942e44e677ffff", "area_km2": 0.102183, "clipped_area_km2": 0.102183, "inside_fraction": 1.0, "centre_inside": true}}, {"type": "Feature", "geometry": {"type": "Polygon", "coordinates": [[[67.1604793975768, 24.839319039185803], [67.16150546275858, 24.837811517040283], [67.16354198901608, 24.837783603603423], [67.16455254055533, 24.83926321686005], [67.16352651593552, 24.840770792362182], [67.16148989921118, 24.840798701250865], [67.1604793975768, 24.839319039185803]]]}, "properties": {"h3": "8942e44e67bffff", "area_km2": 0.102174, "clipped_area_km2": 0.102174, "inside_fraction": 1.0, "centre_inside": true}}, {"type": "Feature", "geometry": {"type": "Polygon", "coordinates": [[[67.15124282454033, 24.85288768844337], [67.15226928702849, 24.851379976345996], [67.15430619442809, 24.851352208060845], [67.15531672983676, 24.85283215644572], [67.15429030789905, 24.854339921917298], [67.15225330999891, 24.854367685629605], [67.15124282454033, 24.85288768844337]]]}, "properties": {"h3": "8942e44e683ffff", "area_km2": 0.1022, "clipped_area_km2": 0.1022, "inside_fraction": 1.0, "centre_inside": true}}, {"type": "Feature", "geometry": {"type": "Polygon", "coordinates": [[[67.15429030789905, 24.854339921917298], [67.15531672983676, 24.85283215644572], [67.15735369117152, 24.852804348883527], [67.15836432107061, 24.85428431135859], [67.15733793969427, 24.85579213020202], [67.15530088785415, 24.855819933198372], [67.15429030789905, 24.854339921917298]]]}, "properties": {"h3": "8942e44e687ffff", "area_km2": 0.102204, "clipped_area_km2": 0.102204, "inside_fraction": 1.0, "centre_inside": true}}, {"type": "Feature", "geometry": {"type": "Polygon", "coordinates": [[[67.15125884610794, 24.849900042061265], [67.15228526263806, 24.84839238829138], [67.15432207954521, 24.84836461543396], [67.15533257041139, 24.84984450091849], [67.15430619442809, 24.851352208060845], [67.15226928702849, 24.851379976345996], [67.15125884610794, 24.849900042061265]]]}, "properties": {"h3": "8942e44e68bffff", "area_km2": 0.102194, "clipped_area_km2": 0.10135, "inside_fraction": 0.991742, "centre_inside": true}}, {"type": "Feature", "geometry": {"type": "Polygon", "coordinates": [[[67.15430619442809, 24.851352208060845], [67.15533257041139, 24.84984450091849], [67.1573694412488, 24.849816688791098], [67.158380026597, 24.85129658837108], [67.15735369117152, 24.852804348883527], [67.15531672983676, 24.85283215644572], [67.15430619442809, 24.851352208060845]]]}, "properties": {"h3": "8942e44e68fffff", "area_km2": 0.102198, "clipped_area_km2": 0.102198, "inside_fraction": 1.0, "centre_inside": true}}, {"type": "Feature", "geometry": {"type": "Polygon", "coordinates": [[[67.1481793315957, 24.854423129920985], [67.14920588058894, 24.85291541287921], [67.15124282454033, 24.85288768844337], [67.15225330999891, 24.854367685629605], [67.15122680154867, 24.855875456049716], [67.14918976709359, 24.855903175905063], [67.1481793315957, 24.854423129920985]]]}, "properties": {"h3": "8942e44e693ffff", "area_km2": 0.102203, "clipped_area_km2": 0.048001, "inside_fraction": 0.469665, "centre_inside": false}}, {"type": "Feature", "geometry": {"type": "Polygon", "coordinates": [[[67.15122680154867, 24.855875456049716], [67.15225330999891, 24.854367685629605], [67.15429030789905, 24.854339921917298], [67.15530088785415, 24.855819933198372], [67.15427441995789, 24.85732775699445], [67.15223733154923, 24.857355516133307], [67.15122680154867, 24.855875456049716]]]}, "properties": {"h3": "8942e44e697ffff", "area_km2": 0.102207, "clipped_area_km2": 0.102207, "inside_fraction": 1.0, "centre_inside": true}}, {"type": "Feature", "geometry": {"type": "Polygon", "coordinates": [[[67.16040133633183, 24.854256464511842], [67.1614276311885, 24.852748650631668], [67.16346460986048, 24.852720759941647], [67.16447538417953, 24.854200687682766], [67.16344912990263, 24.855708554928288], [67.16141206072362, 24.855736441067148], [67.16040133633183, 24.854256464511842]]]}, "properties": {"h3": "8942e44e6a3ffff", "area_km2": 0.102205, "clipped_area_km2": 0.102205, "inside_fraction": 1.0, "centre_inside": true}}, {"type": "Feature", "geometry": {"type": "Polygon", "coordinates": [[[67.16344912990263, 24.855708554928288], [67.16447538417953, 24.854200687682766], [67.16651241675574, 24.854172757700105], [67.16752328556363, 24.855652699506912], [67.16649707187749, 24.8571606201154], [67.1644599487894, 24.857188545553925], [67.16344912990263, 24.855708554928288]]]}, "properties": {"h3": "8942e44e6a7ffff", "area_km2": 0.102208, "clipped_area_km2": 0.102208, "inside_fraction": 1.0, "centre_inside": true}}, {"type": "Feature", "geometry": {"type": "Polygon", "coordinates": [[[67.16041695135605, 24.851268736966144], [67.1614432002695, 24.84976098142343], [67.16348008844251, 24.849733086182834], [67.16449081819775, 24.85121295103532], [67.16346460986048, 24.852720759941647], [67.1614276311885, 24.852748650631668], [67.16041695135605, 24.851268736966144]]]}, "properties": {"h3": "8942e44e6abffff", "area_km2": 0.102199, "clipped_area_km2": 0.102199, "inside_fraction": 1.0, "centre_inside": true}}, {"type": "Feature", "geometry": {"type": "Polygon", "coordinates": [[[67.16346460986048, 24.852720759941647], [67.16449081819775, 24.85121295103532], [67.16652776027013, 24.851185016509113], [67.1675385845058, 24.85266489543256], [67.16651241675574, 24.854172757700105], [67.16447538417953, 24.854200687682766], [67.16346460986048, 24.852720759941647]]]}, "properties": {"h3": "8942e44e6afffff", "area_km2": 0.102202, "clipped_area_km2": 0.102202, "inside_fraction": 1.0, "centre_inside": true}}, {"type": "Feature", "geometry": {"type": "Polygon", "coordinates": [[[67.15733793969427, 24.85579213020202], [67.15836432107061, 24.85428431135859], [67.16040133633183, 24.854256464511842], [67.16141206072362, 24.855736441067148], [67.16038571991965, 24.85724431328006], [67.15834861414821, 24.85727215556799], [67.15733793969427, 24.85579213020202]]]}, "properties": {"h3": "8942e44e6b3ffff", "area_km2": 0.102208, "clipped_area_km2": 0.102208, "inside_fraction": 1.0, "centre_inside": true}}, {"type": "Feature", "geometry": {"type": "Polygon", "coordinates": [[[67.16038571991965, 24.85724431328006], [67.16141206072362, 24.855736441067148], [67.16344912990263, 24.855708554928288], [67.1644599487894, 24.857188545553925], [67.16343364856877, 24.858696471133932], [67.16139648887471, 24.858724352721005], [67.16038571991965, 24.85724431328006]]]}, "properties": {"h3": "8942e44e6b7ffff", "area_km2": 0.102211, "clipped_area_km2": 0.102211, "inside_fraction": 1.0, "centre_inside": true}}, {"type": "Feature", "geometry": {"type": "Polygon", "coordinates": [[[67.15735369117152, 24.852804348883527], [67.158380026597, 24.85129658837108], [67.16041695135605, 24.851268736966144], [67.1614276311885, 24.852748650631668], [67.16040133633183, 24.854256464511842], [67.15836432107061, 24.85428431135859], [67.15735369117152, 24.852804348883527]]]}, "properties": {"h3": "8942e44e6bbffff", "area_km2": 0.102201, "clipped_area_km2": 0.102201, "inside_fraction": 1.0, "centre_inside": true}}, {"type": "Feature", "geometry": {"type": "Polygon", "coordinates": [[[67.15127486625163, 24.84691251691224], [67.1523012368279, 24.84540492147458], [67.15433796325061, 24.845377144045525], [67.1553484095782, 24.84685696662558], [67.15432207954521, 24.84836461543396], [67.15228526263806, 24.84839238829138], [67.15127486625163, 24.84691251691224]]]}, "properties": {"h3": "8942e44e6c7ffff", "area_km2": 0.102188, "clipped_area_km2": 0.085745, "inside_fraction": 0.839088, "centre_inside": true}}, {"type": "Feature", "geometry": {"type": "Polygon", "coordinates": [[[67.15129088497164, 24.84392511300519], [67.15231720959814, 24.842417575904488], [67.15435384554448, 24.842389793904392], [67.15536424733739, 24.843869553575843], [67.15433796325061, 24.845377144045525], [67.1523012368279, 24.84540492147458], [67.15129088497164, 24.84392511300519]]]}, "properties": {"h3": "8942e44e6cfffff", "area_km2": 0.102182, "clipped_area_km2": 0.06151, "inside_fraction": 0.601971, "centre_inside": true}}, {"type": "Feature", "geometry": {"type": "Polygon", "coordinates": [[[67.181973559711, 24.81662392677718], [67.18299883607963, 24.815116673552087], [67.1850347443372, 24.81508843570468], [67.18604546663518, 24.816567455574575], [67.18502023086609, 24.8180747621204], [67.18298423219619, 24.818102995475385], [67.181973559711, 24.81662392677718]]]}, "properties": {"h3": "8942e44f107ffff", "area_km2": 0.10213, "clipped_area_km2": 0.089178, "inside_fraction": 0.87318, "centre_inside": true}}, {"type": "Feature", "geometry": {"type": "Polygon", "coordinates": [[[67.17891225200313, 24.818159379220408], [67.17993761482059, 24.816652120899604], [67.181973559711, 24.81662392677718], [67.18298423219619, 24.818102995475385], [67.1819589099709, 24.819610307121046], [67.17992287466495, 24.819638496743444], [67.17891225200313, 24.818159379220408]]]}, "properties": {"h3": "8942e44f117ffff", "area_km2": 0.102132, "clipped_area_km2": 0.049506, "inside_fraction": 0.484725, "centre_inside": false}}, {"type": "Feature", "geometry": {"type": "Polygon", "coordinates": [[[67.1880814286587, 24.816539178494093], [67.18910657797186, 24.81503187705871], [67.1911425033387, 24.815003556259853], [67.19215336980307, 24.816482541373947], [67.19112826110782, 24.81798989612357], [67.18909224532702, 24.818018212444642], [67.1880814286587, 24.816539178494093]]]}, "properties": {"h3": "8942e44f123ffff", "area_km2": 0.102131, "clipped_area_km2": 0.050203, "inside_fraction": 0.491558, "centre_inside": true}}, {"type": "Feature", "geometry": {"type": "Polygon", "coordinates": [[[67.19112826110782, 24.81798989612357], [67.19215336980307, 24.816482541373947], [67.19418934891365, 24.81645418133397], [67.19520030974448, 24.81793318051417], [67.1941752416781, 24.81944058857562], [67.19213917214873, 24.819468944144845], [67.19112826110782, 24.81798989612357]]]}, "properties": {"h3": "8942e44f127ffff", "area_km2": 0.102134, "clipped_area_km2": 0.037344, "inside_fraction": 0.365638, "centre_inside": false}}, {"type": "Feature", "geometry": {"type": "Polygon", "coordinates": [[[67.18502023086609, 24.8180747621204], [67.18604546663518, 24.816567455574575], [67.1880814286587, 24.816539178494093], [67.18909224532702, 24.818018212444642], [67.18806705016844, 24.819525572308823], [67.18603099772774, 24.8195538449039], [67.18502023086609, 24.8180747621204]]]}, "properties": {"h3": "8942e44f133ffff", "area_km2": 0.102133, "clipped_area_km2": 0.102133, "inside_fraction": 1.0, "centre_inside": true}}, {"type": "Feature", "geometry": {"type": "Polygon", "coordinates": [[[67.18806705016844, 24.819525572308823], [67.18909224532702, 24.818018212444642], [67.19112826110782, 24.81798989612357], [67.19213917214873, 24.819468944144845], [67.19111401761162, 24.820976357324994], [67.18907791140884, 24.82100466916769], [67.18806705016844, 24.819525572308823]]]}, "properties": {"h3": "8942e44f137ffff", "area_km2": 0.102137, "clipped_area_km2": 0.102137, "inside_fraction": 1.0, "centre_inside": true}}, {"type": "Feature", "geometry": {"type": "Polygon", "coordinates": [[[67.17278926738268, 24.821230168148332], [67.17381480309855, 24.81972289966788], [67.17585082122368, 24.819694793016687], [67.17686139405156, 24.821173959361055], [67.17583589891305, 24.822681281174617], [67.173799790366, 24.822709383310528], [67.17278926738268, 24.821230168148332]]]}, "properties": {"h3": "8942e44f183ffff", "area_km2": 0.102138, "clipped_area_km2": 0.077308, "inside_fraction": 0.7569, "centre_inside": true}}, {"type": "Feature", "geometry": {"type": "Polygon", "coordinates": [[[67.17583589891305, 24.822681281174617], [67.17686139405156, 24.821173959361055], [67.1788974659832, 24.821145813478356], [67.1799081331998, 24.822624993917294], [67.1788826786496, 24.8241323690616], [67.1768465162912, 24.82416051043604], [67.17583589891305, 24.822681281174617]]]}, "properties": {"h3": "8942e44f187ffff", "area_km2": 0.102141, "clipped_area_km2": 0.102141, "inside_fraction": 1.0, "centre_inside": true}}, {"type": "Feature", "geometry": {"type": "Polygon", "coordinates": [[[67.17585082122368, 24.819694793016687], [67.1768762704902, 24.818187529610782], [67.17891225200313, 24.818159379220408], [67.17992287466495, 24.819638496743444], [67.1788974659832, 24.821145813478356], [67.17686139405156, 24.821173959361055], [67.17585082122368, 24.819694793016687]]]}, "properties": {"h3": "8942e44f18fffff", "area_km2": 0.102135, "clipped_area_km2": 0.037285, "inside_fraction": 0.365052, "centre_inside": false}}, {"type": "Feature", "geometry": {"type": "Polygon", "coordinates": [[[67.16972759049021, 24.822765504597655], [67.1707532126557, 24.821258231053243], [67.17278926738268, 24.821230168148332], [67.173799790366, 24.822709383310528], [67.17277420877049, 24.824216710192175], [67.17073806361839, 24.824244768574193], [67.16972759049021, 24.822765504597655]]]}, "properties": {"h3": "8942e44f193ffff", "area_km2": 0.10214, "clipped_area_km2": 0.066848, "inside_fraction": 0.654467, "centre_inside": true}}, {"type": "Feature", "geometry": {"type": "Polygon", "coordinates": [[[67.17277420877049, 24.824216710192175], [67.173799790366, 24.822709383310528], [67.17583589891305, 24.822681281174617], [67.1768465162912, 24.82416051043604], [67.17582097527661, 24.82566789065255], [67.17378477629961, 24.825695988272575], [67.17277420877049, 24.824216710192175]]]}, "properties": {"h3": "8942e44f197ffff", "area_km2": 0.102144, "clipped_area_km2": 0.102144, "inside_fraction": 1.0, "centre_inside": true}}, {"type": "Feature", "geometry": {"type": "Polygon", "coordinates": [[[67.18194425892928, 24.82259680879553], [67.18296962701532, 24.821089438734013], [67.18500571610558, 24.82106120987204], [67.18601652753487, 24.82254035556502], [67.18499120005549, 24.824047778950774], [67.18295502053687, 24.82407600331912], [67.18194425892928, 24.82259680879553]]]}, "properties": {"h3": "8942e44f1a3ffff", "area_km2": 0.102142, "clipped_area_km2": 0.102142, "inside_fraction": 1.0, "centre_inside": true}}, {"type": "Feature", "geometry": {"type": "Polygon", "coordinates": [[[67.18499120005549, 24.824047778950774], [67.18601652753487, 24.82254035556502], [67.18805267040072, 24.822512087455948], [67.18906357621715, 24.823991247219034], [67.1880382893554, 24.825498723926636], [67.18600205605634, 24.82552698754912], [67.18499120005549, 24.824047778950774]]]}, "properties": {"h3": "8942e44f1a7ffff", "area_km2": 0.102146, "clipped_area_km2": 0.102146, "inside_fraction": 1.0, "centre_inside": true}}, {"type": "Feature", "geometry": {"type": "Polygon", "coordinates": [[[67.1819589099709, 24.819610307121046], [67.18298423219619, 24.818102995475385], [67.18502023086609, 24.8180747621204], [67.18603099772774, 24.8195538449039], [67.18500571610558, 24.82106120987204], [67.18296962701532, 24.821089438734013], [67.1819589099709, 24.819610307121046]]]}, "properties": {"h3": "8942e44f1abffff", "area_km2": 0.102136, "clipped_area_km2": 0.102136, "inside_fraction": 1.0, "centre_inside": true}}, {"type": "Feature", "geometry": {"type": "Polygon", "coordinates": [[[67.18500571610558, 24.82106120987204], [67.18603099772774, 24.8195538449039], [67.18806705016844, 24.819525572308823], [67.18907791140884, 24.82100466916769], [67.18805267040072, 24.822512087455948], [67.18601652753487, 24.82254035556502], [67.18500571610558, 24.82106120987204]]]}, "properties": {"h3": "8942e44f1afffff", "area_km2": 0.10214, "clipped_area_km2": 0.10214, "inside_fraction": 1.0, "centre_inside": true}}, {"type": "Feature", "geometry": {"type": "Polygon", "coordinates": [[[67.1788826786496, 24.8241323690616], [67.1799081331998, 24.822624993917294], [67.18194425892928, 24.82259680879553], [67.18295502053687, 24.82407600331912], [67.18192960658594, 24.825583431791795], [67.17989339042488, 24.825611612412324], [67.1788826786496, 24.8241323690616]]]}, "properties": {"h3": "8942e44f1b3ffff", "area_km2": 0.102145, "clipped_area_km2": 0.102145, "inside_fraction": 1.0, "centre_inside": true}}, {"type": "Feature", "geometry": {"type": "Polygon", "coordinates": [[[67.18192960658594, 24.825583431791795], [67.18295502053687, 24.82407600331912], [67.18499120005549, 24.824047778950774], [67.18600205605634, 24.82552698754912], [67.18497668271566, 24.827034469347762], [67.18294041276062, 24.82706268922191], [67.18192960658594, 24.825583431791795]]]}, "properties": {"h3": "8942e44f1b7ffff", "area_km2": 0.102149, "clipped_area_km2": 0.102149, "inside_fraction": 1.0, "centre_inside": true}}, {"type": "Feature", "geometry": {"type": "Polygon", "coordinates": [[[67.1788974659832, 24.821145813478356], [67.17992287466495, 24.819638496743444], [67.1819589099709, 24.819610307121046], [67.18296962701532, 24.821089438734013], [67.18194425892928, 24.82259680879553], [67.1799081331998, 24.822624993917294], [67.1788974659832, 24.821145813478356]]]}, "properties": {"h3": "8942e44f1bbffff", "area_km2": 0.102139, "clipped_area_km2": 0.102139, "inside_fraction": 1.0, "centre_inside": true}}, {"type": "Feature", "geometry": {"type": "Polygon", "coordinates": [[[67.1696971992909, 24.828738817738298], [67.17072291323511, 24.8272314274092], [67.17275914882035, 24.82720337355068], [67.17376976089922, 24.828682714545167], [67.17274408753208, 24.830190158215007], [67.17070776150568, 24.830218207549443], [67.1696971992909, 24.828738817738298]]]}, "properties": {"h3": "8942e44f527ffff", "area_km2": 0.102153, "clipped_area_km2": 0.10138, "inside_fraction": 0.992436, "centre_inside": true}}, {"type": "Feature", "geometry": {"type": "Polygon", "coordinates": [[[67.16971239556558, 24.825752100513295], [67.17073806361839, 24.824244768574193], [67.17277420877049, 24.824216710192175], [67.17378477629961, 24.825695988272575], [67.17275914882035, 24.82720337355068], [67.17072291323511, 24.8272314274092], [67.16971239556558, 24.825752100513295]]]}, "properties": {"h3": "8942e44f52fffff", "area_km2": 0.102147, "clipped_area_km2": 0.088884, "inside_fraction": 0.870157, "centre_inside": true}}, {"type": "Feature", "geometry": {"type": "Polygon", "coordinates": [[[67.16355746072176, 24.834796536116837], [67.16458339350751, 24.83328907734518], [67.1666197927258, 24.833261115570323], [67.16763034961062, 24.83474061710687], [67.1666044573907, 24.836248129229254], [67.16456796771682, 24.83627608646417], [67.16355746072176, 24.834796536116837]]]}, "properties": {"h3": "8942e44f5a7ffff", "area_km2": 0.102165, "clipped_area_km2": 0.097849, "inside_fraction": 0.957756, "centre_inside": true}}, {"type": "Feature", "geometry": {"type": "Polygon", "coordinates": [[[67.16357293105268, 24.83180958991125], [67.1645988179276, 24.83030218951192], [67.16663512669831, 24.83027422319773], [67.16764563903841, 24.831753661822002], [67.1666197927258, 24.833261115570323], [67.16458339350751, 24.83328907734518], [67.16357293105268, 24.83180958991125]]]}, "properties": {"h3": "8942e44f5afffff", "area_km2": 0.102158, "clipped_area_km2": 0.025799, "inside_fraction": 0.252543, "centre_inside": false}}]}
