{"type":"FeatureCollection","metadata":{"area":"Landhi Town, Karachi","cells":265,"distinguishable_ranks":245,"weights_provisional":true,"model_incomplete":true,"missing_indicators":["dist_centre"],"vulnerability_weights_used":{"lack_green":0.5,"dist_health":0.5},"licence":"ODbL 1.0 - contains data derived from OpenStreetMap, (c) OpenStreetMap contributors","generated":"2026-09-27"},"features":[{"type":"Feature","geometry":{"type":"Polygon","coordinates":[[[67.14815,24.8604],[67.14917,24.85889],[67.15121,24.85886],[67.15222,24.86034],[67.15119,24.86185],[67.14916,24.86188],[67.14815,24.8604]]]},"properties":{"h3":"8942e441927ffff","rank":34,"priority":0.735,"hazard":0.513,"exposure":0.875,"vulnerability":0.886,"intensity":0.674,"reasons":["Further from the nearest clinic or hospital","Little greenery or shade","More people live in this area"],"stability":"confidently in","rank_low":14,"rank_high":63,"lst":43.1,"lst_p90":43.6,"people":1315,"green":0.036,"built":0.909,"dist_health":1771,"over60":76,"under5":125,"c":[67.15036,24.8604]}},{"type":"Feature","geometry":{"type":"Polygon","coordinates":[[[67.14816,24.85741],[67.14919,24.8559],[67.15123,24.85588],[67.15224,24.85736],[67.15121,24.85886],[67.14917,24.85889],[67.14816,24.85741]]]},"properties":{"h3":"8942e44192fffff","rank":186,"priority":0.551,"hazard":0.314,"exposure":0.695,"vulnerability":0.769,"intensity":0.491,"reasons":["Further from the nearest clinic or hospital"],"stability":"confidently out","rank_low":156,"rank_high":216,"lst":42.2,"lst_p90":43.0,"people":298,"green":0.267,"built":0.686,"dist_health":1763,"over60":14,"under5":31,"c":[67.15066,24.85745]}},{"type":"Feature","geometry":{"type":"Polygon","coordinates":[[[67.20024,24.82832],[67.20127,24.82681],[67.2033,24.82678],[67.20431,24.82826],[67.20329,24.82977],[67.20125,24.82979],[67.20024,24.82832]]]},"properties":{"h3":"8942e44c417ffff","rank":227,"priority":0.325,"hazard":0.258,"exposure":0.419,"vulnerability":0.318,"intensity":0.286,"reasons":["Further from the nearest clinic or hospital"],"stability":"confidently out","rank_low":226,"rank_high":238,"lst":41.9,"lst_p90":43.5,"people":30,"green":0.978,"built":0.017,"dist_health":1390,"over60":1,"under5":3,"c":[67.20259,24.82895]}},{"type":"Feature","geometry":{"type":"Polygon","coordinates":[[[67.20635,24.82823],[67.20738,24.82672],[67.20941,24.82669],[67.21042,24.82817],[67.2094,24.82968],[67.20736,24.82971],[67.20635,24.82823]]]},"properties":{"h3":"8942e44c433ffff","rank":230,"priority":0.304,"hazard":0.155,"exposure":0.55,"vulnerability":0.331,"intensity":0.226,"reasons":["Further from the nearest clinic or hospital"],"stability":"confidently out","rank_low":229,"rank_high":236,"lst":41.5,"lst_p90":42.9,"people":90,"green":0.948,"built":0.043,"dist_health":1381,"over60":4,"under5":10,"c":[67.20836,24.82857]}},{"type":"Feature","geometry":{"type":"Polygon","coordinates":[[[67.2094,24.82968],[67.21042,24.82817],[67.21246,24.82814],[67.21347,24.82962],[67.21245,24.83113],[67.21041,24.83116],[67.2094,24.82968]]]},"properties":{"h3":"8942e44c437ffff","rank":210,"priority":0.492,"hazard":0.641,"exposure":0.453,"vulnerability":0.411,"intensity":0.513,"reasons":["Further from the nearest clinic or hospital","The ground here gets hotter on summer afternoons"],"stability":"confidently out","rank_low":188,"rank_high":220,"lst":43.7,"lst_p90":44.6,"people":40,"green":0.751,"built":0.052,"dist_health":1306,"over60":2,"under5":4,"c":[67.21086,24.82991]}},{"type":"Feature","geometry":{"type":"Polygon","coordinates":[[[67.19412,24.83139],[67.19514,24.82988],[67.19718,24.82985],[67.19819,24.83133],[67.19717,24.83284],[67.19513,24.83287],[67.19412,24.83139]]]},"properties":{"h3":"8942e44c483ffff","rank":191,"priority":0.542,"hazard":0.534,"exposure":0.92,"vulnerability":0.324,"intensity":0.416,"reasons":["Further from the nearest clinic or hospital","More people live in this area"],"stability":"confidently out","rank_low":70,"rank_high":206,"lst":43.2,"lst_p90":44.9,"people":1894,"green":0.911,"built":0.011,"dist_health":1279,"over60":117,"under5":172,"c":[67.19616,24.83136]}},{"type":"Feature","geometry":{"type":"Polygon","coordinates":[[[67.19717,24.83284],[67.19819,24.83133],[67.20023,24.8313],[67.20124,24.83278],[67.20021,24.83429],[67.19818,24.83432],[67.19717,24.83284]]]},"properties":{"h3":"8942e44c487ffff","rank":163,"priority":0.587,"hazard":0.992,"exposure":0.692,"vulnerability":0.295,"intensity":0.541,"reasons":["The ground here gets hotter on summer afternoons","Further from the nearest clinic or hospital"],"stability":"confidently out","rank_low":98,"rank_high":195,"lst":45.4,"lst_p90":46.7,"people":290,"green":0.824,"built":0.052,"dist_health":989,"over60":13,"under5":32,"c":[67.1992,24.83281]}},{"type":"Feature","geometry":{"type":"Polygon","coordinates":[[[67.19413,24.8284],[67.19516,24.82689],[67.19719,24.82686],[67.19821,24.82834],[67.19718,24.82985],[67.19514,24.82988],[67.19413,24.8284]]]},"properties":{"h3":"8942e44c48bffff","rank":95,"priority":0.645,"hazard":1.0,"exposure":0.776,"vulnerability":0.346,"intensity":0.588,"reasons":["The ground here gets hotter on summer afternoons","Further from the nearest clinic or hospital"],"stability":"confidently out","rank_low":41,"rank_high":171,"lst":45.7,"lst_p90":46.6,"people":581,"green":1.0,"built":0.0,"dist_health":1544,"over60":35,"under5":54,"c":[67.19554,24.82892]}},{"type":"Feature","geometry":{"type":"Polygon","coordinates":[[[67.19718,24.82985],[67.19821,24.82834],[67.20024,24.82832],[67.20125,24.82979],[67.20023,24.8313],[67.19819,24.83133],[67.19718,24.82985]]]},"properties":{"h3":"8942e44c48fffff","rank":59,"priority":0.703,"hazard":1.0,"exposure":0.811,"vulnerability":0.429,"intensity":0.655,"reasons":["The ground here gets hotter on summer afternoons","Further from the nearest clinic or hospital","More people live in this area"],"stability":"uncertain","rank_low":8,"rank_high":97,"lst":46.3,"lst_p90":47.0,"people":776,"green":0.744,"built":0.063,"dist_health":1363,"over60":42,"under5":77,"c":[67.19928,24.83021]}},{"type":"Feature","geometry":{"type":"Polygon","coordinates":[[[67.19106,24.83292],[67.19208,24.83142],[67.19412,24.83139],[67.19513,24.83287],[67.1941,24.83437],[67.19207,24.8344],[67.19106,24.83292]]]},"properties":{"h3":"8942e44c493ffff","rank":132,"priority":0.616,"hazard":1.0,"exposure":0.951,"vulnerability":0.246,"intensity":0.496,"reasons":["The ground here gets hotter on summer afternoons","More people live in this area","Further from the nearest clinic or hospital"],"stability":"uncertain","rank_low":8,"rank_high":186,"lst":45.6,"lst_p90":46.3,"people":2436,"green":0.875,"built":0.024,"dist_health":893,"over60":151,"under5":221,"c":[67.19309,24.8329]}},{"type":"Feature","geometry":{"type":"Polygon","coordinates":[[[67.1941,24.83437],[67.19513,24.83287],[67.19717,24.83284],[67.19818,24.83432],[67.19715,24.83583],[67.19512,24.83585],[67.1941,24.83437]]]},"properties":{"h3":"8942e44c497ffff","rank":89,"priority":0.652,"hazard":1.0,"exposure":0.892,"vulnerability":0.31,"intensity":0.557,"reasons":["The ground here gets hotter on summer afternoons","More people live in this area","Further from the nearest clinic or hospital"],"stability":"uncertain","rank_low":11,"rank_high":153,"lst":45.8,"lst_p90":46.5,"people":1508,"green":0.744,"built":0.04,"dist_health":890,"over60":93,"under5":137,"c":[67.19614,24.83435]}},{"type":"Feature","geometry":{"type":"Polygon","coordinates":[[[67.19107,24.82994],[67.1921,24.82843],[67.19413,24.8284],[67.19514,24.82988],[67.19412,24.83139],[67.19208,24.83142],[67.19107,24.82994]]]},"properties":{"h3":"8942e44c49bffff","rank":245,"priority":0.0,"hazard":0.847,"exposure":0.0,"vulnerability":0.274,"intensity":null,"reasons":["The ground here gets hotter on summer afternoons","Further from the nearest clinic or hospital"],"stability":"confidently out","rank_low":245,"rank_high":245,"lst":44.7,"lst_p90":45.5,"people":0,"green":1.0,"built":0.0,"dist_health":1257,"over60":0,"under5":0,"c":[67.19311,24.82991]}},{"type":"Feature","geometry":{"type":"Polygon","coordinates":[[[67.20328,24.83275],[67.2043,24.83125],[67.20634,24.83122],[67.20735,24.8327],[67.20632,24.8342],[67.20429,24.83423],[67.20328,24.83275]]]},"properties":{"h3":"8942e44c4a3ffff","rank":235,"priority":0.234,"hazard":0.059,"exposure":0.674,"vulnerability":0.319,"intensity":0.138,"reasons":["Below the Landhi average on every measure we track"],"stability":"confidently out","rank_low":231,"rank_high":236,"lst":41.0,"lst_p90":42.0,"people":250,"green":0.665,"built":0.272,"dist_health":768,"over60":11,"under5":27,"c":[67.20531,24.83272]}},{"type":"Feature","geometry":{"type":"Polygon","coordinates":[[[67.20632,24.8342],[67.20735,24.8327],[67.20939,24.83267],[67.2104,24.83415],[67.20937,24.83565],[67.20734,24.83568],[67.20632,24.8342]]]},"properties":{"h3":"8942e44c4a7ffff","rank":206,"priority":0.498,"hazard":0.252,"exposure":0.804,"vulnerability":0.611,"intensity":0.392,"reasons":["Little greenery or shade","More people live in this area"],"stability":"confidently out","rank_low":180,"rank_high":214,"lst":41.9,"lst_p90":42.3,"people":731,"green":0.004,"built":0.958,"dist_health":609,"over60":33,"under5":80,"c":[67.20836,24.83418]}},{"type":"Feature","geometry":{"type":"Polygon","coordinates":[[[67.20329,24.82977],[67.20431,24.82826],[67.20635,24.82823],[67.20736,24.82971],[67.20634,24.83122],[67.2043,24.83125],[67.20329,24.82977]]]},"properties":{"h3":"8942e44c4abffff","rank":225,"priority":0.348,"hazard":0.278,"exposure":0.501,"vulnerability":0.303,"intensity":0.29,"reasons":["Further from the nearest clinic or hospital"],"stability":"confidently out","rank_low":224,"rank_high":232,"lst":42.0,"lst_p90":43.4,"people":60,"green":0.911,"built":0.073,"dist_health":1194,"over60":3,"under5":7,"c":[67.20533,24.82974]}},{"type":"Feature","geometry":{"type":"Polygon","coordinates":[[[67.20634,24.83122],[67.20736,24.82971],[67.2094,24.82968],[67.21041,24.83116],[67.20939,24.83267],[67.20735,24.8327],[67.20634,24.83122]]]},"properties":{"h3":"8942e44c4afffff","rank":239,"priority":0.143,"hazard":0.01,"exposure":0.663,"vulnerability":0.438,"intensity":0.066,"reasons":["Further from the nearest clinic or hospital"],"stability":"confidently out","rank_low":229,"rank_high":240,"lst":40.8,"lst_p90":41.8,"people":230,"green":0.551,"built":0.434,"dist_health":1014,"over60":10,"under5":25,"c":[67.20837,24.83119]}},{"type":"Feature","geometry":{"type":"Polygon","coordinates":[[[67.20021,24.83429],[67.20124,24.83278],[67.20328,24.83275],[67.20429,24.83423],[67.20326,24.83574],[67.20123,24.83577],[67.20021,24.83429]]]},"properties":{"h3":"8942e44c4b3ffff","rank":217,"priority":0.451,"hazard":0.54,"exposure":0.7,"vulnerability":0.243,"intensity":0.362,"reasons":["The ground here gets hotter on summer afternoons"],"stability":"confidently out","rank_low":188,"rank_high":218,"lst":43.3,"lst_p90":44.6,"people":310,"green":0.813,"built":0.096,"dist_health":757,"over60":14,"under5":34,"c":[67.20225,24.83426]}},{"type":"Feature","geometry":{"type":"Polygon","coordinates":[[[67.20326,24.83574],[67.20429,24.83423],[67.20632,24.8342],[67.20734,24.83568],[67.20631,24.83719],[67.20427,24.83722],[67.20326,24.83574]]]},"properties":{"h3":"8942e44c4b7ffff","rank":202,"priority":0.524,"hazard":0.469,"exposure":0.75,"vulnerability":0.408,"intensity":0.438,"reasons":["Below the Landhi average on every measure we track"],"stability":"confidently out","rank_low":187,"rank_high":216,"lst":42.9,"lst_p90":44.4,"people":470,"green":0.281,"built":0.662,"dist_health":353,"over60":21,"under5":52,"c":[67.2053,24.83571]}},{"type":"Feature","geometry":{"type":"Polygon","coordinates":[[[67.20023,24.8313],[67.20125,24.82979],[67.20329,24.82977],[67.2043,24.83125],[67.20328,24.83275],[67.20124,24.83278],[67.20023,24.8313]]]},"properties":{"h3":"8942e44c4bbffff","rank":216,"priority":0.46,"hazard":0.547,"exposure":0.627,"vulnerability":0.284,"intensity":0.394,"reasons":["Further from the nearest clinic or hospital","The ground here gets hotter on summer afternoons"],"stability":"confidently out","rank_low":196,"rank_high":218,"lst":43.3,"lst_p90":46.4,"people":170,"green":0.903,"built":0.037,"dist_health":1103,"over60":8,"under5":19,"c":[67.20226,24.83127]}},{"type":"Feature","geometry":{"type":"Polygon","coordinates":[[[67.1911,24.82396],[67.19212,24.82246],[67.19416,24.82243],[67.19517,24.82391],[67.19415,24.82541],[67.19211,24.82544],[67.1911,24.82396]]]},"properties":{"h3":"8942e44c4c3ffff","rank":177,"priority":0.561,"hazard":1.0,"exposure":0.371,"vulnerability":0.475,"intensity":0.689,"reasons":["Further from the nearest clinic or hospital","The ground here gets hotter on summer afternoons"],"stability":"confidently out","rank_low":104,"rank_high":217,"lst":46.0,"lst_p90":46.3,"people":20,"green":0.99,"built":0.007,"dist_health":2040,"over60":1,"under5":2,"c":[67.19276,24.824]}},{"type":"Feature","geometry":{"type":"Polygon","coordinates":[[[67.19111,24.82098],[67.19214,24.81947],[67.19418,24.81944],[67.19519,24.82092],[67.19416,24.82243],[67.19212,24.82246],[67.19111,24.82098]]]},"properties":{"h3":"8942e44c4cbffff","rank":245,"priority":0.0,"hazard":1.0,"exposure":0.0,"vulnerability":0.548,"intensity":null,"reasons":["Further from the nearest clinic or hospital","The ground here gets hotter on summer afternoons"],"stability":"confidently out","rank_low":245,"rank_high":245,"lst":45.8,"lst_p90":46.0,"people":0,"green":0.904,"built":0.008,"dist_health":2241,"over60":0,"under5":0,"c":[67.19264,24.82097]}},{"type":"Feature","geometry":{"type":"Polygon","coordinates":[[[67.18804,24.8255],[67.18906,24.82399],[67.1911,24.82396],[67.19211,24.82544],[67.19109,24.82695],[67.18905,24.82698],[67.18804,24.8255]]]},"properties":{"h3":"8942e44c4d3ffff","rank":194,"priority":0.541,"hazard":1.0,"exposure":0.371,"vulnerability":0.426,"intensity":0.652,"reasons":["The ground here gets hotter on summer afternoons","Further from the nearest clinic or hospital"],"stability":"confidently out","rank_low":129,"rank_high":218,"lst":45.9,"lst_p90":46.6,"people":20,"green":0.954,"built":0.035,"dist_health":1770,"over60":1,"under5":2,"c":[67.19007,24.82547]}},{"type":"Feature","geometry":{"type":"Polygon","coordinates":[[[67.19109,24.82695],[67.19211,24.82544],[67.19415,24.82541],[67.19516,24.82689],[67.19413,24.8284],[67.1921,24.82843],[67.19109,24.82695]]]},"properties":{"h3":"8942e44c4d7ffff","rank":182,"priority":0.555,"hazard":1.0,"exposure":0.453,"vulnerability":0.379,"intensity":0.615,"reasons":["The ground here gets hotter on summer afternoons","Further from the nearest clinic or hospital"],"stability":"confidently out","rank_low":115,"rank_high":214,"lst":45.7,"lst_p90":46.6,"people":40,"green":0.989,"built":0.006,"dist_health":1652,"over60":2,"under5":4,"c":[67.1931,24.82692]}},{"type":"Feature","geometry":{"type":"Polygon","coordinates":[[[67.18805,24.82251],[67.18908,24.821],[67.19111,24.82098],[67.19212,24.82246],[67.1911,24.82396],[67.18906,24.82399],[67.18805,24.82251]]]},"properties":{"h3":"8942e44c4dbffff","rank":133,"priority":0.616,"hazard":0.995,"exposure":0.532,"vulnerability":0.441,"intensity":0.662,"reasons":["Further from the nearest clinic or hospital","The ground here gets hotter on summer afternoons"],"stability":"confidently out","rank_low":75,"rank_high":206,"lst":45.4,"lst_p90":46.4,"people":78,"green":0.97,"built":0.002,"dist_health":1864,"over60":5,"under5":7,"c":[67.19009,24.82248]}},{"type":"Feature","geometry":{"type":"Polygon","coordinates":[[[67.21546,24.84154],[67.21648,24.84004],[67.21852,24.84001],[67.21953,24.84149],[67.2185,24.84299],[67.21647,24.84302],[67.21546,24.84154]]]},"properties":{"h3":"8942e44c583ffff","rank":236,"priority":0.162,"hazard":0.01,"exposure":0.714,"vulnerability":0.593,"intensity":0.077,"reasons":["Little greenery or shade"],"stability":"confidently out","rank_low":226,"rank_high":238,"lst":40.4,"lst_p90":41.8,"people":350,"green":0.009,"built":0.04,"dist_health":546,"over60":16,"under5":38,"c":[67.21745,24.84152]}},{"type":"Feature","geometry":{"type":"Polygon","coordinates":[[[67.21547,24.83856],[67.21649,24.83705],[67.21853,24.83702],[67.21954,24.8385],[67.21852,24.84001],[67.21648,24.84004],[67.21547,24.83856]]]},"properties":{"h3":"8942e44c58bffff","rank":188,"priority":0.545,"hazard":0.455,"exposure":0.728,"vulnerability":0.489,"intensity":0.471,"reasons":["Little greenery or shade"],"stability":"confidently out","rank_low":175,"rank_high":207,"lst":42.9,"lst_p90":44.4,"people":390,"green":0.025,"built":0.416,"dist_health":149,"over60":17,"under5":43,"c":[67.21717,24.83877]}},{"type":"Feature","geometry":{"type":"Polygon","coordinates":[[[67.21239,24.84308],[67.21342,24.84157],[67.21546,24.84154],[67.21647,24.84302],[67.21544,24.84453],[67.21341,24.84456],[67.21239,24.84308]]]},"properties":{"h3":"8942e44c593ffff","rank":145,"priority":0.604,"hazard":0.436,"exposure":0.81,"vulnerability":0.624,"intensity":0.521,"reasons":["Little greenery or shade","More people live in this area"],"stability":"confidently out","rank_low":123,"rank_high":163,"lst":42.8,"lst_p90":43.3,"people":771,"green":0.093,"built":0.401,"dist_health":839,"over60":34,"under5":84,"c":[67.21443,24.84305]}},{"type":"Feature","geometry":{"type":"Polygon","coordinates":[[[67.21544,24.84453],[67.21647,24.84302],[67.2185,24.84299],[67.21952,24.84447],[67.21849,24.84598],[67.21645,24.84601],[67.21544,24.84453]]]},"properties":{"h3":"8942e44c597ffff","rank":162,"priority":0.587,"hazard":0.458,"exposure":0.724,"vulnerability":0.61,"intensity":0.529,"reasons":["Further from the nearest clinic or hospital"],"stability":"confidently out","rank_low":148,"rank_high":190,"lst":42.9,"lst_p90":43.5,"people":380,"green":0.132,"built":0.516,"dist_health":862,"over60":17,"under5":42,"c":[67.21718,24.84373]}},{"type":"Feature","geometry":{"type":"Polygon","coordinates":[[[67.21241,24.84009],[67.21343,24.83858],[67.21547,24.83856],[67.21648,24.84004],[67.21546,24.84154],[67.21342,24.84157],[67.21241,24.84009]]]},"properties":{"h3":"8942e44c59bffff","rank":169,"priority":0.575,"hazard":0.435,"exposure":0.784,"vulnerability":0.558,"intensity":0.493,"reasons":["Little greenery or shade"],"stability":"confidently out","rank_low":160,"rank_high":184,"lst":42.8,"lst_p90":43.2,"people":620,"green":0.045,"built":0.607,"dist_health":480,"over60":28,"under5":68,"c":[67.21444,24.84006]}},{"type":"Feature","geometry":{"type":"Polygon","coordinates":[[[67.21243,24.83412],[67.21346,24.83261],[67.2155,24.83258],[67.21651,24.83406],[67.21548,24.83557],[67.21345,24.8356],[67.21243,24.83412]]]},"properties":{"h3":"8942e44c5c3ffff","rank":203,"priority":0.524,"hazard":0.289,"exposure":0.81,"vulnerability":0.613,"intensity":0.421,"reasons":["Little greenery or shade","More people live in this area"],"stability":"confidently out","rank_low":166,"rank_high":208,"lst":42.1,"lst_p90":42.4,"people":771,"green":0.011,"built":0.933,"dist_health":632,"over60":34,"under5":84,"c":[67.21436,24.83411]}},{"type":"Feature","geometry":{"type":"Polygon","coordinates":[[[67.21245,24.83113],[67.21347,24.82962],[67.21551,24.82959],[67.21652,24.83107],[67.2155,24.83258],[67.21346,24.83261],[67.21245,24.83113]]]},"properties":{"h3":"8942e44c5cbffff","rank":140,"priority":0.61,"hazard":0.719,"exposure":0.453,"vulnerability":0.696,"intensity":0.708,"reasons":["The ground here gets hotter on summer afternoons","Little greenery or shade","Further from the nearest clinic or hospital"],"stability":"confidently out","rank_low":93,"rank_high":208,"lst":44.1,"lst_p90":44.6,"people":40,"green":0.011,"built":0.032,"dist_health":961,"over60":2,"under5":4,"c":[67.21396,24.8317]}},{"type":"Feature","geometry":{"type":"Polygon","coordinates":[[[67.20937,24.83565],[67.2104,24.83415],[67.21243,24.83412],[67.21345,24.8356],[67.21242,24.83711],[67.21038,24.83713],[67.20937,24.83565]]]},"properties":{"h3":"8942e44c5d3ffff","rank":208,"priority":0.496,"hazard":0.235,"exposure":0.804,"vulnerability":0.647,"intensity":0.39,"reasons":["Little greenery or shade","More people live in this area"],"stability":"confidently out","rank_low":176,"rank_high":216,"lst":41.8,"lst_p90":42.2,"people":731,"green":0.002,"built":0.972,"dist_health":749,"over60":33,"under5":80,"c":[67.21141,24.83563]}},{"type":"Feature","geometry":{"type":"Polygon","coordinates":[[[67.21242,24.83711],[67.21345,24.8356],[67.21548,24.83557],[67.21649,24.83705],[67.21547,24.83856],[67.21343,24.83858],[67.21242,24.83711]]]},"properties":{"h3":"8942e44c5d7ffff","rank":215,"priority":0.462,"hazard":0.263,"exposure":0.813,"vulnerability":0.462,"intensity":0.348,"reasons":["More people live in this area"],"stability":"confidently out","rank_low":204,"rank_high":221,"lst":42.0,"lst_p90":42.4,"people":791,"green":0.175,"built":0.756,"dist_health":356,"over60":35,"under5":87,"c":[67.21446,24.83708]}},{"type":"Feature","geometry":{"type":"Polygon","coordinates":[[[67.20939,24.83267],[67.21041,24.83116],[67.21245,24.83113],[67.21346,24.83261],[67.21243,24.83412],[67.2104,24.83415],[67.20939,24.83267]]]},"properties":{"h3":"8942e44c5dbffff","rank":158,"priority":0.591,"hazard":0.399,"exposure":0.769,"vulnerability":0.672,"intensity":0.518,"reasons":["Further from the nearest clinic or hospital","Little greenery or shade"],"stability":"confidently out","rank_low":132,"rank_high":189,"lst":42.6,"lst_p90":43.8,"people":550,"green":0.087,"built":0.693,"dist_health":1019,"over60":25,"under5":60,"c":[67.21142,24.83264]}},{"type":"Feature","geometry":{"type":"Polygon","coordinates":[[[67.17872,24.85699],[67.17975,24.85548],[67.18178,24.85546],[67.18279,24.85694],[67.18177,24.85844],[67.17973,24.85847],[67.17872,24.85699]]]},"properties":{"h3":"8942e44e003ffff","rank":189,"priority":0.544,"hazard":0.57,"exposure":0.64,"vulnerability":0.441,"intensity":0.501,"reasons":["Further from the nearest clinic or hospital","The ground here gets hotter on summer afternoons"],"stability":"confidently out","rank_low":153,"rank_high":204,"lst":43.4,"lst_p90":45.9,"people":190,"green":0.923,"built":0.055,"dist_health":1768,"over60":8,"under5":21,"c":[67.18076,24.85696]}},{"type":"Feature","geometry":{"type":"Polygon","coordinates":[[[67.18177,24.85844],[67.18279,24.85694],[67.18483,24.85691],[67.18584,24.85839],[67.18482,24.8599],[67.18278,24.85992],[67.18177,24.85844]]]},"properties":{"h3":"8942e44e007ffff","rank":23,"priority":0.751,"hazard":1.0,"exposure":0.639,"vulnerability":0.662,"intensity":0.814,"reasons":["The ground here gets hotter on summer afternoons","Further from the nearest clinic or hospital"],"stability":"uncertain","rank_low":14,"rank_high":177,"lst":45.9,"lst_p90":47.3,"people":188,"green":0.298,"built":0.138,"dist_health":1402,"over60":10,"under5":19,"c":[67.18381,24.85842]}},{"type":"Feature","geometry":{"type":"Polygon","coordinates":[[[67.17873,24.854],[67.17976,24.8525],[67.1818,24.85247],[67.18281,24.85395],[67.18178,24.85546],[67.17975,24.85548],[67.17873,24.854]]]},"properties":{"h3":"8942e44e00bffff","rank":44,"priority":0.719,"hazard":0.575,"exposure":0.782,"vulnerability":0.826,"intensity":0.689,"reasons":["Further from the nearest clinic or hospital","The ground here gets hotter on summer afternoons"],"stability":"uncertain","rank_low":32,"rank_high":97,"lst":43.4,"lst_p90":43.9,"people":610,"green":0.164,"built":0.68,"dist_health":1788,"over60":27,"under5":67,"c":[67.18077,24.85398]}},{"type":"Feature","geometry":{"type":"Polygon","coordinates":[[[67.18178,24.85546],[67.18281,24.85395],[67.18485,24.85392],[67.18586,24.8554],[67.18483,24.85691],[67.18279,24.85694],[67.18178,24.85546]]]},"properties":{"h3":"8942e44e00fffff","rank":51,"priority":0.711,"hazard":0.689,"exposure":0.748,"vulnerability":0.698,"intensity":0.694,"reasons":["Further from the nearest clinic or hospital","The ground here gets hotter on summer afternoons"],"stability":"uncertain","rank_low":43,"rank_high":138,"lst":44.0,"lst_p90":44.5,"people":460,"green":0.208,"built":0.624,"dist_health":1365,"over60":21,"under5":50,"c":[67.18382,24.85543]}},{"type":"Feature","geometry":{"type":"Polygon","coordinates":[[[67.17566,24.85853],[67.17668,24.85702],[67.17872,24.85699],[67.17973,24.85847],[67.17871,24.85998],[67.17667,24.86001],[67.17566,24.85853]]]},"properties":{"h3":"8942e44e013ffff","rank":231,"priority":0.279,"hazard":0.08,"exposure":0.599,"vulnerability":0.455,"intensity":0.191,"reasons":["Further from the nearest clinic or hospital"],"stability":"confidently out","rank_low":230,"rank_high":236,"lst":41.1,"lst_p90":42.3,"people":135,"green":1.0,"built":0.0,"dist_health":1978,"over60":8,"under5":12,"c":[67.17769,24.8585]}},{"type":"Feature","geometry":{"type":"Polygon","coordinates":[[[67.17871,24.85998],[67.17973,24.85847],[67.18177,24.85844],[67.18278,24.85992],[67.18175,24.86143],[67.17972,24.86146],[67.17871,24.85998]]]},"properties":{"h3":"8942e44e017ffff","rank":232,"priority":0.276,"hazard":0.091,"exposure":0.648,"vulnerability":0.354,"intensity":0.18,"reasons":["Further from the nearest clinic or hospital"],"stability":"confidently out","rank_low":226,"rank_high":233,"lst":41.2,"lst_p90":43.3,"people":203,"green":0.995,"built":0.002,"dist_health":1567,"over60":13,"under5":18,"c":[67.18074,24.85995]}},{"type":"Feature","geometry":{"type":"Polygon","coordinates":[[[67.17567,24.85554],[67.1767,24.85403],[67.17873,24.854],[67.17975,24.85548],[67.17872,24.85699],[67.17668,24.85702],[67.17567,24.85554]]]},"properties":{"h3":"8942e44e01bffff","rank":211,"priority":0.492,"hazard":0.384,"exposure":0.55,"vulnerability":0.564,"intensity":0.466,"reasons":["Further from the nearest clinic or hospital"],"stability":"confidently out","rank_low":197,"rank_high":222,"lst":42.5,"lst_p90":44.1,"people":90,"green":0.872,"built":0.028,"dist_health":2166,"over60":4,"under5":10,"c":[67.17771,24.85551]}},{"type":"Feature","geometry":{"type":"Polygon","coordinates":[[[67.18788,24.85836],[67.18891,24.85685],[67.19094,24.85682],[67.19195,24.8583],[67.19093,24.85981],[67.18889,24.85984],[67.18788,24.85836]]]},"properties":{"h3":"8942e44e023ffff","rank":114,"priority":0.631,"hazard":0.495,"exposure":0.906,"vulnerability":0.558,"intensity":0.526,"reasons":["More people live in this area","Little greenery or shade"],"stability":"confidently out","rank_low":91,"rank_high":128,"lst":43.1,"lst_p90":43.5,"people":1691,"green":0.127,"built":0.721,"dist_health":644,"over60":96,"under5":164,"c":[67.18992,24.85833]}},{"type":"Feature","geometry":{"type":"Polygon","coordinates":[[[67.19093,24.85981],[67.19195,24.8583],[67.19399,24.85827],[67.195,24.85975],[67.19398,24.86126],[67.19194,24.86129],[67.19093,24.85981]]]},"properties":{"h3":"8942e44e027ffff","rank":213,"priority":0.473,"hazard":0.385,"exposure":0.8,"vulnerability":0.343,"intensity":0.364,"reasons":["More people live in this area"],"stability":"confidently out","rank_low":192,"rank_high":215,"lst":42.5,"lst_p90":43.1,"people":709,"green":0.501,"built":0.418,"dist_health":535,"over60":38,"under5":71,"c":[67.19298,24.85967]}},{"type":"Feature","geometry":{"type":"Polygon","coordinates":[[[67.18789,24.85537],[67.18892,24.85386],[67.19096,24.85384],[67.19197,24.85532],[67.19094,24.85682],[67.18891,24.85685],[67.18789,24.85537]]]},"properties":{"h3":"8942e44e02bffff","rank":55,"priority":0.707,"hazard":0.753,"exposure":0.813,"vulnerability":0.576,"intensity":0.659,"reasons":["The ground here gets hotter on summer afternoons","Little greenery or shade","More people live in this area"],"stability":"uncertain","rank_low":31,"rank_high":63,"lst":44.2,"lst_p90":46.4,"people":791,"green":0.054,"built":0.802,"dist_health":569,"over60":35,"under5":87,"c":[67.18993,24.85534]}},{"type":"Feature","geometry":{"type":"Polygon","coordinates":[[[67.19094,24.85682],[67.19197,24.85532],[67.19401,24.85529],[67.19502,24.85677],[67.19399,24.85827],[67.19195,24.8583],[67.19094,24.85682]]]},"properties":{"h3":"8942e44e02fffff","rank":172,"priority":0.569,"hazard":0.454,"exposure":0.807,"vulnerability":0.504,"intensity":0.478,"reasons":["Little greenery or shade","More people live in this area"],"stability":"confidently out","rank_low":128,"rank_high":189,"lst":42.9,"lst_p90":43.3,"people":751,"green":0.007,"built":0.907,"dist_health":185,"over60":34,"under5":82,"c":[67.19298,24.8568]}},{"type":"Feature","geometry":{"type":"Polygon","coordinates":[[[67.18482,24.8599],[67.18584,24.85839],[67.18788,24.85836],[67.18889,24.85984],[67.18787,24.86135],[67.18583,24.86138],[67.18482,24.8599]]]},"properties":{"h3":"8942e44e033ffff","rank":214,"priority":0.464,"hazard":0.337,"exposure":0.893,"vulnerability":0.332,"intensity":0.334,"reasons":["Further from the nearest clinic or hospital","More people live in this area"],"stability":"confidently out","rank_low":166,"rank_high":218,"lst":42.3,"lst_p90":43.6,"people":1518,"green":0.807,"built":0.145,"dist_health":1102,"over60":94,"under5":139,"c":[67.18685,24.85983]}},{"type":"Feature","geometry":{"type":"Polygon","coordinates":[[[67.18787,24.86135],[67.18889,24.85984],[67.19093,24.85981],[67.19194,24.86129],[67.19091,24.8628],[67.18888,24.86283],[67.18787,24.86135]]]},"properties":{"h3":"8942e44e037ffff","rank":245,"priority":0.0,"hazard":0.546,"exposure":0.0,"vulnerability":0.172,"intensity":null,"reasons":["The ground here gets hotter on summer afternoons"],"stability":"confidently out","rank_low":245,"rank_high":245,"lst":43.3,"lst_p90":44.0,"people":0,"green":1.0,"built":0.0,"dist_health":848,"over60":0,"under5":0,"c":[67.18983,24.86047]}},{"type":"Feature","geometry":{"type":"Polygon","coordinates":[[[67.18483,24.85691],[67.18586,24.8554],[67.18789,24.85537],[67.18891,24.85685],[67.18788,24.85836],[67.18584,24.85839],[67.18483,24.85691]]]},"properties":{"h3":"8942e44e03bffff","rank":60,"priority":0.703,"hazard":0.703,"exposure":0.782,"vulnerability":0.631,"intensity":0.666,"reasons":["The ground here gets hotter on summer afternoons","Further from the nearest clinic or hospital"],"stability":"confidently out","rank_low":54,"rank_high":95,"lst":44.0,"lst_p90":44.9,"people":610,"green":0.144,"built":0.707,"dist_health":967,"over60":27,"under5":67,"c":[67.18687,24.85688]}},{"type":"Feature","geometry":{"type":"Polygon","coordinates":[[[67.1757,24.84957],[67.17673,24.84806],[67.17876,24.84803],[67.17978,24.84951],[67.17875,24.85102],[67.17671,24.85104],[67.1757,24.84957]]]},"properties":{"h3":"8942e44e043ffff","rank":6,"priority":0.804,"hazard":0.779,"exposure":0.804,"vulnerability":0.83,"intensity":0.804,"reasons":["Further from the nearest clinic or hospital","The ground here gets hotter on summer afternoons","Little greenery or shade"],"stability":"confidently in","rank_low":4,"rank_high":13,"lst":44.4,"lst_p90":45.1,"people":731,"green":0.034,"built":0.874,"dist_health":1542,"over60":33,"under5":80,"c":[67.17774,24.84954]}},{"type":"Feature","geometry":{"type":"Polygon","coordinates":[[[67.17875,24.85102],[67.17978,24.84951],[67.18181,24.84948],[67.18282,24.85096],[67.1818,24.85247],[67.17976,24.8525],[67.17875,24.85102]]]},"properties":{"h3":"8942e44e047ffff","rank":4,"priority":0.817,"hazard":0.812,"exposure":0.786,"vulnerability":0.853,"intensity":0.833,"reasons":["Further from the nearest clinic or hospital","The ground here gets hotter on summer afternoons","Little greenery or shade"],"stability":"confidently in","rank_low":3,"rank_high":30,"lst":44.5,"lst_p90":45.3,"people":630,"green":0.05,"built":0.814,"dist_health":1668,"over60":28,"under5":69,"c":[67.18079,24.85099]}},{"type":"Feature","geometry":{"type":"Polygon","coordinates":[[[67.17572,24.84658],[67.17674,24.84507],[67.17878,24.84504],[67.17979,24.84652],[67.17876,24.84803],[67.17673,24.84806],[67.17572,24.84658]]]},"properties":{"h3":"8942e44e04bffff","rank":24,"priority":0.75,"hazard":0.726,"exposure":0.788,"vulnerability":0.738,"intensity":0.732,"reasons":["The ground here gets hotter on summer afternoons","Further from the nearest clinic or hospital","Little greenery or shade"],"stability":"confidently in","rank_low":14,"rank_high":34,"lst":44.1,"lst_p90":44.7,"people":640,"green":0.012,"built":0.893,"dist_health":1134,"over60":29,"under5":70,"c":[67.17775,24.84655]}},{"type":"Feature","geometry":{"type":"Polygon","coordinates":[[[67.17876,24.84803],[67.17979,24.84652],[67.18183,24.84649],[67.18284,24.84797],[67.18181,24.84948],[67.17978,24.84951],[67.17876,24.84803]]]},"properties":{"h3":"8942e44e04fffff","rank":15,"priority":0.774,"hazard":0.74,"exposure":0.799,"vulnerability":0.786,"intensity":0.762,"reasons":["Further from the nearest clinic or hospital","The ground here gets hotter on summer afternoons","Little greenery or shade"],"stability":"confidently in","rank_low":7,"rank_high":20,"lst":44.2,"lst_p90":45.0,"people":701,"green":0.014,"built":0.894,"dist_health":1328,"over60":31,"under5":77,"c":[67.1808,24.848]}},{"type":"Feature","geometry":{"type":"Polygon","coordinates":[[[67.17264,24.8511],[67.17366,24.84959],[67.1757,24.84957],[67.17671,24.85104],[67.17569,24.85255],[67.17365,24.85258],[67.17264,24.8511]]]},"properties":{"h3":"8942e44e053ffff","rank":36,"priority":0.73,"hazard":0.603,"exposure":0.786,"vulnerability":0.82,"intensity":0.703,"reasons":["Further from the nearest clinic or hospital","The ground here gets hotter on summer afternoons","Little greenery or shade"],"stability":"uncertain","rank_low":28,"rank_high":71,"lst":43.6,"lst_p90":44.1,"people":630,"green":0.07,"built":0.77,"dist_health":1574,"over60":28,"under5":69,"c":[67.17468,24.85107]}},{"type":"Feature","geometry":{"type":"Polygon","coordinates":[[[67.17569,24.85255],[67.17671,24.85104],[67.17875,24.85102],[67.17976,24.8525],[67.17873,24.854],[67.1767,24.85403],[67.17569,24.85255]]]},"properties":{"h3":"8942e44e057ffff","rank":22,"priority":0.752,"hazard":0.664,"exposure":0.767,"vulnerability":0.836,"intensity":0.745,"reasons":["Further from the nearest clinic or hospital","The ground here gets hotter on summer afternoons"],"stability":"uncertain","rank_low":17,"rank_high":103,"lst":43.8,"lst_p90":44.5,"people":540,"green":0.232,"built":0.56,"dist_health":1961,"over60":24,"under5":59,"c":[67.17772,24.85252]}},{"type":"Feature","geometry":{"type":"Polygon","coordinates":[[[67.17265,24.84811],[67.17368,24.84661],[67.17572,24.84658],[67.17673,24.84806],[67.1757,24.84957],[67.17366,24.84959],[67.17265,24.84811]]]},"properties":{"h3":"8942e44e05bffff","rank":30,"priority":0.742,"hazard":0.657,"exposure":0.802,"vulnerability":0.775,"intensity":0.713,"reasons":["Further from the nearest clinic or hospital","The ground here gets hotter on summer afternoons","Little greenery or shade"],"stability":"confidently in","rank_low":13,"rank_high":37,"lst":43.8,"lst_p90":44.5,"people":721,"green":0.013,"built":0.94,"dist_health":1280,"over60":32,"under5":79,"c":[67.17469,24.84809]}},{"type":"Feature","geometry":{"type":"Polygon","coordinates":[[[67.18486,24.85093],[67.18589,24.84942],[67.18792,24.8494],[67.18893,24.85088],[67.18791,24.85238],[67.18587,24.85241],[67.18486,24.85093]]]},"properties":{"h3":"8942e44e063ffff","rank":5,"priority":0.816,"hazard":0.897,"exposure":0.809,"vulnerability":0.749,"intensity":0.82,"reasons":["The ground here gets hotter on summer afternoons","Further from the nearest clinic or hospital","Little greenery or shade"],"stability":"confidently in","rank_low":3,"rank_high":9,"lst":44.9,"lst_p90":45.8,"people":761,"green":0.028,"built":0.911,"dist_health":1207,"over60":34,"under5":83,"c":[67.1869,24.8509]}},{"type":"Feature","geometry":{"type":"Polygon","coordinates":[[[67.18791,24.85238],[67.18893,24.85088],[67.19097,24.85085],[67.19198,24.85233],[67.19096,24.85384],[67.18892,24.85386],[67.18791,24.85238]]]},"properties":{"h3":"8942e44e067ffff","rank":12,"priority":0.784,"hazard":0.985,"exposure":0.792,"vulnerability":0.617,"intensity":0.78,"reasons":["The ground here gets hotter on summer afternoons","Little greenery or shade","More people live in this area"],"stability":"confidently in","rank_low":6,"rank_high":49,"lst":45.3,"lst_p90":46.1,"people":660,"green":0.075,"built":0.769,"dist_health":777,"over60":30,"under5":72,"c":[67.18995,24.85236]}},{"type":"Feature","geometry":{"type":"Polygon","coordinates":[[[67.18488,24.84794],[67.1859,24.84644],[67.18794,24.84641],[67.18895,24.84789],[67.18792,24.8494],[67.18589,24.84942],[67.18488,24.84794]]]},"properties":{"h3":"8942e44e06bffff","rank":27,"priority":0.746,"hazard":0.842,"exposure":0.769,"vulnerability":0.64,"intensity":0.734,"reasons":["The ground here gets hotter on summer afternoons","Little greenery or shade"],"stability":"uncertain","rank_low":20,"rank_high":88,"lst":44.7,"lst_p90":45.1,"people":550,"green":0.056,"built":0.671,"dist_health":829,"over60":25,"under5":60,"c":[67.18691,24.84792]}},{"type":"Feature","geometry":{"type":"Polygon","coordinates":[[[67.18792,24.8494],[67.18895,24.84789],[67.19099,24.84786],[67.192,24.84934],[67.19097,24.85085],[67.18893,24.85088],[67.18792,24.8494]]]},"properties":{"h3":"8942e44e06fffff","rank":62,"priority":0.694,"hazard":0.786,"exposure":0.758,"vulnerability":0.561,"intensity":0.664,"reasons":["The ground here gets hotter on summer afternoons"],"stability":"confidently out","rank_low":53,"rank_high":138,"lst":44.4,"lst_p90":45.4,"people":500,"green":0.193,"built":0.693,"dist_health":788,"over60":22,"under5":55,"c":[67.18996,24.84937]}},{"type":"Feature","geometry":{"type":"Polygon","coordinates":[[[67.1818,24.85247],[67.18282,24.85096],[67.18486,24.85093],[67.18587,24.85241],[67.18485,24.85392],[67.18281,24.85395],[67.1818,24.85247]]]},"properties":{"h3":"8942e44e073ffff","rank":3,"priority":0.83,"hazard":0.865,"exposure":0.804,"vulnerability":0.822,"intensity":0.843,"reasons":["The ground here gets hotter on summer afternoons","Further from the nearest clinic or hospital","Little greenery or shade"],"stability":"confidently in","rank_low":1,"rank_high":5,"lst":44.8,"lst_p90":45.3,"people":731,"green":0.008,"built":0.924,"dist_health":1459,"over60":33,"under5":80,"c":[67.18383,24.85244]}},{"type":"Feature","geometry":{"type":"Polygon","coordinates":[[[67.18485,24.85392],[67.18587,24.85241],[67.18791,24.85238],[67.18892,24.85386],[67.18789,24.85537],[67.18586,24.8554],[67.18485,24.85392]]]},"properties":{"h3":"8942e44e077ffff","rank":31,"priority":0.74,"hazard":0.797,"exposure":0.813,"vulnerability":0.624,"intensity":0.705,"reasons":["The ground here gets hotter on summer afternoons","Further from the nearest clinic or hospital","More people live in this area"],"stability":"confidently in","rank_low":22,"rank_high":41,"lst":44.5,"lst_p90":45.4,"people":791,"green":0.179,"built":0.77,"dist_health":1011,"over60":35,"under5":87,"c":[67.18688,24.85389]}},{"type":"Feature","geometry":{"type":"Polygon","coordinates":[[[67.18181,24.84948],[67.18284,24.84797],[67.18488,24.84794],[67.18589,24.84942],[67.18486,24.85093],[67.18282,24.85096],[67.18181,24.84948]]]},"properties":{"h3":"8942e44e07bffff","rank":2,"priority":0.835,"hazard":1.0,"exposure":0.799,"vulnerability":0.729,"intensity":0.854,"reasons":["The ground here gets hotter on summer afternoons","Further from the nearest clinic or hospital","Little greenery or shade"],"stability":"confidently in","rank_low":1,"rank_high":22,"lst":45.4,"lst_p90":46.1,"people":701,"green":0.081,"built":0.825,"dist_health":1234,"over60":31,"under5":77,"c":[67.18385,24.84945]}},{"type":"Feature","geometry":{"type":"Polygon","coordinates":[[[67.17258,24.86305],[67.1736,24.86154],[67.17564,24.86152],[67.17665,24.863],[67.17563,24.8645],[67.17359,24.86453],[67.17258,24.86305]]]},"properties":{"h3":"8942e44e083ffff","rank":245,"priority":0.0,"hazard":0.01,"exposure":0.0,"vulnerability":0.435,"intensity":null,"reasons":["Further from the nearest clinic or hospital"],"stability":"confidently out","rank_low":245,"rank_high":245,"lst":40.6,"lst_p90":42.7,"people":0,"green":1.0,"built":0.0,"dist_health":1898,"over60":0,"under5":0,"c":[67.17462,24.86302]}},{"type":"Feature","geometry":{"type":"Polygon","coordinates":[[[67.17563,24.8645],[67.17665,24.863],[67.17869,24.86297],[67.1797,24.86445],[67.17868,24.86596],[67.17664,24.86598],[67.17563,24.8645]]]},"properties":{"h3":"8942e44e087ffff","rank":245,"priority":0.0,"hazard":0.332,"exposure":0.0,"vulnerability":0.354,"intensity":null,"reasons":["Further from the nearest clinic or hospital"],"stability":"confidently out","rank_low":245,"rank_high":245,"lst":42.3,"lst_p90":43.5,"people":0,"green":0.959,"built":0.0,"dist_health":1492,"over60":0,"under5":0,"c":[67.17752,24.86403]}},{"type":"Feature","geometry":{"type":"Polygon","coordinates":[[[67.17259,24.86006],[67.17362,24.85856],[67.17566,24.85853],[67.17667,24.86001],[67.17564,24.86152],[67.1736,24.86154],[67.17259,24.86006]]]},"properties":{"h3":"8942e44e08bffff","rank":245,"priority":0.0,"hazard":0.01,"exposure":0.0,"vulnerability":0.491,"intensity":null,"reasons":["Further from the nearest clinic or hospital"],"stability":"confidently out","rank_low":245,"rank_high":245,"lst":40.0,"lst_p90":40.9,"people":0,"green":1.0,"built":0.0,"dist_health":2123,"over60":0,"under5":0,"c":[67.17463,24.86004]}},{"type":"Feature","geometry":{"type":"Polygon","coordinates":[[[67.17564,24.86152],[67.17667,24.86001],[67.17871,24.85998],[67.17972,24.86146],[67.17869,24.86297],[67.17665,24.863],[67.17564,24.86152]]]},"properties":{"h3":"8942e44e08fffff","rank":245,"priority":0.0,"hazard":0.01,"exposure":0.0,"vulnerability":0.38,"intensity":null,"reasons":["Further from the nearest clinic or hospital"],"stability":"confidently out","rank_low":245,"rank_high":245,"lst":39.9,"lst_p90":41.0,"people":0,"green":1.0,"built":0.0,"dist_health":1679,"over60":0,"under5":0,"c":[67.17768,24.86149]}},{"type":"Feature","geometry":{"type":"Polygon","coordinates":[[[67.16951,24.86459],[67.17054,24.86308],[67.17258,24.86305],[67.17359,24.86453],[67.17256,24.86604],[67.17053,24.86607],[67.16951,24.86459]]]},"properties":{"h3":"8942e44e093ffff","rank":245,"priority":0.0,"hazard":0.558,"exposure":0.0,"vulnerability":0.429,"intensity":null,"reasons":["Further from the nearest clinic or hospital","The ground here gets hotter on summer afternoons"],"stability":"confidently out","rank_low":245,"rank_high":245,"lst":43.3,"lst_p90":45.6,"people":0,"green":1.0,"built":0.0,"dist_health":1873,"over60":0,"under5":0,"c":[67.17155,24.86456]}},{"type":"Feature","geometry":{"type":"Polygon","coordinates":[[[67.17256,24.86604],[67.17359,24.86453],[67.17563,24.8645],[67.17664,24.86598],[67.17561,24.86749],[67.17357,24.86752],[67.17256,24.86604]]]},"properties":{"h3":"8942e44e097ffff","rank":245,"priority":0.0,"hazard":0.595,"exposure":0.0,"vulnerability":0.377,"intensity":null,"reasons":["Further from the nearest clinic or hospital","The ground here gets hotter on summer afternoons"],"stability":"confidently out","rank_low":245,"rank_high":245,"lst":43.5,"lst_p90":44.7,"people":0,"green":1.0,"built":0.0,"dist_health":1667,"over60":0,"under5":0,"c":[67.17424,24.86524]}},{"type":"Feature","geometry":{"type":"Polygon","coordinates":[[[67.16953,24.8616],[67.17056,24.86009],[67.17259,24.86006],[67.1736,24.86154],[67.17258,24.86305],[67.17054,24.86308],[67.16953,24.8616]]]},"properties":{"h3":"8942e44e09bffff","rank":245,"priority":0.0,"hazard":0.01,"exposure":0.0,"vulnerability":0.5,"intensity":null,"reasons":["Further from the nearest clinic or hospital"],"stability":"confidently out","rank_low":245,"rank_high":245,"lst":40.7,"lst_p90":43.9,"people":0,"green":1.0,"built":0.0,"dist_health":2274,"over60":0,"under5":0,"c":[67.17157,24.86157]}},{"type":"Feature","geometry":{"type":"Polygon","coordinates":[[[67.18175,24.86143],[67.18278,24.85992],[67.18482,24.8599],[67.18583,24.86138],[67.1848,24.86288],[67.18277,24.86291],[67.18175,24.86143]]]},"properties":{"h3":"8942e44e0abffff","rank":226,"priority":0.342,"hazard":0.266,"exposure":0.515,"vulnerability":0.292,"intensity":0.279,"reasons":["Further from the nearest clinic or hospital"],"stability":"confidently out","rank_low":225,"rank_high":234,"lst":42.0,"lst_p90":42.7,"people":68,"green":0.94,"built":0.059,"dist_health":1207,"over60":4,"under5":6,"c":[67.18369,24.86127]}},{"type":"Feature","geometry":{"type":"Polygon","coordinates":[[[67.17869,24.86297],[67.17972,24.86146],[67.18175,24.86143],[67.18277,24.86291],[67.18174,24.86442],[67.1797,24.86445],[67.17869,24.86297]]]},"properties":{"h3":"8942e44e0bbffff","rank":245,"priority":0.0,"hazard":0.228,"exposure":0.0,"vulnerability":0.286,"intensity":null,"reasons":["Further from the nearest clinic or hospital"],"stability":"confidently out","rank_low":245,"rank_high":245,"lst":41.8,"lst_p90":43.0,"people":0,"green":0.974,"built":0.0,"dist_health":1255,"over60":0,"under5":0,"c":[67.18068,24.86283]}},{"type":"Feature","geometry":{"type":"Polygon","coordinates":[[[67.16956,24.85562],[67.17059,24.85412],[67.17262,24.85409],[67.17363,24.85557],[67.17261,24.85708],[67.17057,24.8571],[67.16956,24.85562]]]},"properties":{"h3":"8942e44e0c3ffff","rank":50,"priority":0.713,"hazard":0.766,"exposure":0.678,"vulnerability":0.699,"intensity":0.732,"reasons":["Further from the nearest clinic or hospital","The ground here gets hotter on summer afternoons"],"stability":"uncertain","rank_low":34,"rank_high":161,"lst":44.3,"lst_p90":45.9,"people":260,"green":0.483,"built":0.285,"dist_health":1918,"over60":12,"under5":29,"c":[67.1716,24.8556]}},{"type":"Feature","geometry":{"type":"Polygon","coordinates":[[[67.17261,24.85708],[67.17363,24.85557],[67.17567,24.85554],[67.17668,24.85702],[67.17566,24.85853],[67.17362,24.85856],[67.17261,24.85708]]]},"properties":{"h3":"8942e44e0c7ffff","rank":237,"priority":0.151,"hazard":0.01,"exposure":0.619,"vulnerability":0.558,"intensity":0.075,"reasons":["Further from the nearest clinic or hospital"],"stability":"confidently out","rank_low":236,"rank_high":238,"lst":40.5,"lst_p90":42.5,"people":160,"green":0.884,"built":0.109,"dist_health":2275,"over60":7,"under5":18,"c":[67.17465,24.85705]}},{"type":"Feature","geometry":{"type":"Polygon","coordinates":[[[67.16958,24.85264],[67.1706,24.85113],[67.17264,24.8511],[67.17365,24.85258],[67.17262,24.85409],[67.17059,24.85412],[67.16958,24.85264]]]},"properties":{"h3":"8942e44e0cbffff","rank":63,"priority":0.693,"hazard":0.865,"exposure":0.704,"vulnerability":0.547,"intensity":0.688,"reasons":["Further from the nearest clinic or hospital","The ground here gets hotter on summer afternoons"],"stability":"confidently out","rank_low":41,"rank_high":148,"lst":44.8,"lst_p90":45.9,"people":320,"green":0.589,"built":0.271,"dist_health":1524,"over60":14,"under5":35,"c":[67.17161,24.85261]}},{"type":"Feature","geometry":{"type":"Polygon","coordinates":[[[67.17262,24.85409],[67.17365,24.85258],[67.17569,24.85255],[67.1767,24.85403],[67.17567,24.85554],[67.17363,24.85557],[67.17262,24.85409]]]},"properties":{"h3":"8942e44e0cfffff","rank":192,"priority":0.541,"hazard":0.545,"exposure":0.603,"vulnerability":0.481,"intensity":0.512,"reasons":["Further from the nearest clinic or hospital","The ground here gets hotter on summer afternoons"],"stability":"confidently out","rank_low":159,"rank_high":208,"lst":43.3,"lst_p90":44.9,"people":140,"green":0.912,"built":0.044,"dist_health":1908,"over60":6,"under5":15,"c":[67.17466,24.85406]}},{"type":"Feature","geometry":{"type":"Polygon","coordinates":[[[67.1665,24.85716],[67.16752,24.85565],[67.16956,24.85562],[67.17057,24.8571],[67.16955,24.85861],[67.16751,24.85864],[67.1665,24.85716]]]},"properties":{"h3":"8942e44e0d3ffff","rank":222,"priority":0.401,"hazard":0.327,"exposure":0.419,"vulnerability":0.47,"intensity":0.392,"reasons":["Further from the nearest clinic or hospital"],"stability":"confidently out","rank_low":219,"rank_high":233,"lst":42.3,"lst_p90":44.6,"people":30,"green":0.998,"built":0.002,"dist_health":2035,"over60":1,"under5":3,"c":[67.16853,24.85713]}},{"type":"Feature","geometry":{"type":"Polygon","coordinates":[[[67.16955,24.85861],[67.17057,24.8571],[67.17261,24.85708],[67.17362,24.85856],[67.17259,24.86006],[67.17056,24.86009],[67.16955,24.85861]]]},"properties":{"h3":"8942e44e0d7ffff","rank":240,"priority":0.134,"hazard":0.01,"exposure":0.479,"vulnerability":0.507,"intensity":0.071,"reasons":["Further from the nearest clinic or hospital"],"stability":"confidently out","rank_low":239,"rank_high":243,"lst":39.8,"lst_p90":42.6,"people":50,"green":0.985,"built":0.015,"dist_health":2325,"over60":2,"under5":5,"c":[67.17158,24.85858]}},{"type":"Feature","geometry":{"type":"Polygon","coordinates":[[[67.16651,24.85417],[67.16754,24.85266],[67.16958,24.85264],[67.17059,24.85412],[67.16956,24.85562],[67.16752,24.85565],[67.16651,24.85417]]]},"properties":{"h3":"8942e44e0dbffff","rank":126,"priority":0.622,"hazard":0.653,"exposure":0.714,"vulnerability":0.516,"intensity":0.58,"reasons":["Further from the nearest clinic or hospital","The ground here gets hotter on summer afternoons"],"stability":"confidently out","rank_low":89,"rank_high":168,"lst":43.8,"lst_p90":45.2,"people":350,"green":0.693,"built":0.182,"dist_health":1610,"over60":16,"under5":38,"c":[67.16855,24.85414]}},{"type":"Feature","geometry":{"type":"Polygon","coordinates":[[[67.19704,24.85973],[67.19807,24.85822],[67.2001,24.85819],[67.20112,24.85967],[67.20009,24.86118],[67.19805,24.86121],[67.19704,24.85973]]]},"properties":{"h3":"8942e44e143ffff","rank":219,"priority":0.449,"hazard":0.345,"exposure":0.563,"vulnerability":0.465,"intensity":0.401,"reasons":["Below the Landhi average on every measure we track"],"stability":"confidently out","rank_low":213,"rank_high":226,"lst":42.4,"lst_p90":42.9,"people":100,"green":0.248,"built":0.735,"dist_health":514,"over60":4,"under5":11,"c":[67.19817,24.85928]}},{"type":"Feature","geometry":{"type":"Polygon","coordinates":[[[67.19705,24.85674],[67.19808,24.85523],[67.20012,24.8552],[67.20113,24.85668],[67.2001,24.85819],[67.19807,24.85822],[67.19705,24.85674]]]},"properties":{"h3":"8942e44e14bffff","rank":181,"priority":0.556,"hazard":0.407,"exposure":0.753,"vulnerability":0.562,"intensity":0.478,"reasons":["Little greenery or shade"],"stability":"confidently out","rank_low":169,"rank_high":196,"lst":42.6,"lst_p90":43.1,"people":480,"green":0.01,"built":0.951,"dist_health":425,"over60":21,"under5":53,"c":[67.19891,24.85663]}},{"type":"Feature","geometry":{"type":"Polygon","coordinates":[[[67.19398,24.86126],[67.195,24.85975],[67.19704,24.85973],[67.19805,24.86121],[67.19703,24.86271],[67.19499,24.86274],[67.19398,24.86126]]]},"properties":{"h3":"8942e44e153ffff","rank":244,"priority":0.09,"hazard":0.01,"exposure":0.536,"vulnerability":0.134,"intensity":0.037,"reasons":["Below the Landhi average on every measure we track"],"stability":"confidently out","rank_low":240,"rank_high":244,"lst":40.7,"lst_p90":41.8,"people":80,"green":0.945,"built":0.037,"dist_health":589,"over60":4,"under5":9,"c":[67.19613,24.86062]}},{"type":"Feature","geometry":{"type":"Polygon","coordinates":[[[67.19399,24.85827],[67.19502,24.85677],[67.19705,24.85674],[67.19807,24.85822],[67.19704,24.85973],[67.195,24.85975],[67.19399,24.85827]]]},"properties":{"h3":"8942e44e15bffff","rank":198,"priority":0.534,"hazard":0.383,"exposure":0.767,"vulnerability":0.519,"intensity":0.446,"reasons":["Little greenery or shade"],"stability":"confidently out","rank_low":181,"rank_high":207,"lst":42.5,"lst_p90":42.7,"people":540,"green":0.008,"built":0.926,"dist_health":250,"over60":24,"under5":59,"c":[67.19603,24.85825]}},{"type":"Feature","geometry":{"type":"Polygon","coordinates":[[[67.17882,24.83608],[67.17985,24.83457],[67.18189,24.83454],[67.1829,24.83602],[67.18187,24.83753],[67.17983,24.83756],[67.17882,24.83608]]]},"properties":{"h3":"8942e44e203ffff","rank":156,"priority":0.593,"hazard":0.446,"exposure":0.936,"vulnerability":0.5,"intensity":0.472,"reasons":["More people live in this area","Little greenery or shade"],"stability":"confidently out","rank_low":87,"rank_high":173,"lst":42.8,"lst_p90":43.5,"people":2165,"green":0.002,"built":0.966,"dist_health":162,"over60":134,"under5":197,"c":[67.18086,24.83605]}},{"type":"Feature","geometry":{"type":"Polygon","coordinates":[[[67.18187,24.83753],[67.1829,24.83602],[67.18493,24.836],[67.18594,24.83747],[67.18492,24.83898],[67.18288,24.83901],[67.18187,24.83753]]]},"properties":{"h3":"8942e44e207ffff","rank":167,"priority":0.577,"hazard":0.387,"exposure":1.0,"vulnerability":0.497,"intensity":0.439,"reasons":["More people live in this area","Little greenery or shade"],"stability":"confidently out","rank_low":125,"rank_high":186,"lst":42.5,"lst_p90":42.9,"people":3789,"green":0.042,"built":0.867,"dist_health":231,"over60":235,"under5":344,"c":[67.18391,24.8375]}},{"type":"Feature","geometry":{"type":"Polygon","coordinates":[[[67.17884,24.83309],[67.17986,24.83159],[67.1819,24.83156],[67.18291,24.83304],[67.18189,24.83454],[67.17985,24.83457],[67.17884,24.83309]]]},"properties":{"h3":"8942e44e20bffff","rank":204,"priority":0.52,"hazard":0.493,"exposure":0.817,"vulnerability":0.349,"intensity":0.415,"reasons":["More people live in this area"],"stability":"confidently out","rank_low":150,"rank_high":207,"lst":43.0,"lst_p90":44.2,"people":812,"green":0.468,"built":0.498,"dist_health":491,"over60":50,"under5":74,"c":[67.18087,24.83306]}},{"type":"Feature","geometry":{"type":"Polygon","coordinates":[[[67.18189,24.83454],[67.18291,24.83304],[67.18495,24.83301],[67.18596,24.83449],[67.18493,24.836],[67.1829,24.83602],[67.18189,24.83454]]]},"properties":{"h3":"8942e44e20fffff","rank":224,"priority":0.358,"hazard":0.326,"exposure":0.732,"vulnerability":0.193,"intensity":0.251,"reasons":["Below the Landhi average on every measure we track"],"stability":"confidently out","rank_low":220,"rank_high":227,"lst":42.3,"lst_p90":43.7,"people":406,"green":0.842,"built":0.096,"dist_health":616,"over60":25,"under5":37,"c":[67.18392,24.83452]}},{"type":"Feature","geometry":{"type":"Polygon","coordinates":[[[67.17576,24.83762],[67.17679,24.83611],[67.17882,24.83608],[67.17983,24.83756],[67.17881,24.83907],[67.17677,24.8391],[67.17576,24.83762]]]},"properties":{"h3":"8942e44e213ffff","rank":144,"priority":0.604,"hazard":0.415,"exposure":0.995,"vulnerability":0.535,"intensity":0.471,"reasons":["More people live in this area","Little greenery or shade"],"stability":"confidently out","rank_low":66,"rank_high":164,"lst":42.7,"lst_p90":43.3,"people":3518,"green":0.005,"built":0.976,"dist_health":307,"over60":218,"under5":320,"c":[67.1778,24.83759]}},{"type":"Feature","geometry":{"type":"Polygon","coordinates":[[[67.17881,24.83907],[67.17983,24.83756],[67.18187,24.83753],[67.18288,24.83901],[67.18186,24.84052],[67.17982,24.84055],[67.17881,24.83907]]]},"properties":{"h3":"8942e44e217ffff","rank":161,"priority":0.588,"hazard":0.398,"exposure":0.98,"vulnerability":0.519,"intensity":0.455,"reasons":["More people live in this area","Little greenery or shade"],"stability":"confidently out","rank_low":96,"rank_high":177,"lst":42.6,"lst_p90":42.9,"people":3112,"green":0.008,"built":0.971,"dist_health":249,"over60":193,"under5":283,"c":[67.18085,24.83904]}},{"type":"Feature","geometry":{"type":"Polygon","coordinates":[[[67.17578,24.83463],[67.1768,24.83312],[67.17884,24.83309],[67.17985,24.83457],[67.17882,24.83608],[67.17679,24.83611],[67.17578,24.83463]]]},"properties":{"h3":"8942e44e21bffff","rank":112,"priority":0.634,"hazard":0.569,"exposure":0.924,"vulnerability":0.484,"intensity":0.525,"reasons":["More people live in this area","Little greenery or shade","The ground here gets hotter on summer afternoons"],"stability":"confidently out","rank_low":68,"rank_high":138,"lst":43.4,"lst_p90":44.4,"people":1962,"green":0.034,"built":0.747,"dist_health":60,"over60":122,"under5":178,"c":[67.17781,24.8346]}},{"type":"Feature","geometry":{"type":"Polygon","coordinates":[[[67.18798,24.83745],[67.18901,24.83594],[67.19104,24.83591],[67.19205,24.83739],[67.19103,24.8389],[67.18899,24.83893],[67.18798,24.83745]]]},"properties":{"h3":"8942e44e223ffff","rank":108,"priority":0.636,"hazard":0.553,"exposure":0.983,"vulnerability":0.472,"intensity":0.511,"reasons":["More people live in this area","Little greenery or shade","The ground here gets hotter on summer afternoons"],"stability":"confidently out","rank_low":59,"rank_high":138,"lst":43.3,"lst_p90":44.4,"people":3180,"green":0.059,"built":0.844,"dist_health":164,"over60":197,"under5":289,"c":[67.19002,24.83742]}},{"type":"Feature","geometry":{"type":"Polygon","coordinates":[[[67.19103,24.8389],[67.19205,24.83739],[67.19409,24.83736],[67.1951,24.83884],[67.19408,24.84035],[67.19204,24.84038],[67.19103,24.8389]]]},"properties":{"h3":"8942e44e227ffff","rank":97,"priority":0.644,"hazard":0.529,"exposure":1.0,"vulnerability":0.504,"intensity":0.516,"reasons":["More people live in this area","Little greenery or shade"],"stability":"confidently out","rank_low":57,"rank_high":122,"lst":43.2,"lst_p90":44.1,"people":4195,"green":0.094,"built":0.782,"dist_health":362,"over60":260,"under5":381,"c":[67.19307,24.83887]}},{"type":"Feature","geometry":{"type":"Polygon","coordinates":[[[67.188,24.83446],[67.18902,24.83295],[67.19106,24.83292],[67.19207,24.8344],[67.19104,24.83591],[67.18901,24.83594],[67.188,24.83446]]]},"properties":{"h3":"8942e44e22bffff","rank":218,"priority":0.45,"hazard":0.82,"exposure":0.817,"vulnerability":0.136,"intensity":0.334,"reasons":["The ground here gets hotter on summer afternoons","More people live in this area"],"stability":"confidently out","rank_low":88,"rank_high":223,"lst":44.6,"lst_p90":45.6,"people":812,"green":0.895,"built":0.033,"dist_health":498,"over60":50,"under5":74,"c":[67.19003,24.83443]}},{"type":"Feature","geometry":{"type":"Polygon","coordinates":[[[67.19104,24.83591],[67.19207,24.8344],[67.1941,24.83437],[67.19512,24.83585],[67.19409,24.83736],[67.19205,24.83739],[67.19104,24.83591]]]},"properties":{"h3":"8942e44e22fffff","rank":67,"priority":0.691,"hazard":0.715,"exposure":0.983,"vulnerability":0.47,"intensity":0.58,"reasons":["More people live in this area","The ground here gets hotter on summer afternoons"],"stability":"uncertain","rank_low":18,"rank_high":79,"lst":44.1,"lst_p90":45.1,"people":3180,"green":0.291,"built":0.504,"dist_health":619,"over60":197,"under5":289,"c":[67.19308,24.83588]}},{"type":"Feature","geometry":{"type":"Polygon","coordinates":[[[67.18492,24.83898],[67.18594,24.83747],[67.18798,24.83745],[67.18899,24.83893],[67.18797,24.84043],[67.18593,24.84046],[67.18492,24.83898]]]},"properties":{"h3":"8942e44e233ffff","rank":165,"priority":0.58,"hazard":0.432,"exposure":0.924,"vulnerability":0.489,"intensity":0.46,"reasons":["More people live in this area","Little greenery or shade"],"stability":"confidently out","rank_low":131,"rank_high":184,"lst":42.8,"lst_p90":43.5,"people":1962,"green":0.028,"built":0.943,"dist_health":172,"over60":122,"under5":178,"c":[67.18696,24.83895]}},{"type":"Feature","geometry":{"type":"Polygon","coordinates":[[[67.18797,24.84043],[67.18899,24.83893],[67.19103,24.8389],[67.19204,24.84038],[67.19101,24.84188],[67.18898,24.84191],[67.18797,24.84043]]]},"properties":{"h3":"8942e44e237ffff","rank":73,"priority":0.683,"hazard":0.638,"exposure":1.0,"vulnerability":0.5,"intensity":0.565,"reasons":["More people live in this area","Little greenery or shade","The ground here gets hotter on summer afternoons"],"stability":"uncertain","rank_low":5,"rank_high":93,"lst":43.7,"lst_p90":44.3,"people":3992,"green":0.001,"built":0.819,"dist_health":62,"over60":248,"under5":363,"c":[67.19,24.84041]}},{"type":"Feature","geometry":{"type":"Polygon","coordinates":[[[67.18493,24.836],[67.18596,24.83449],[67.188,24.83446],[67.18901,24.83594],[67.18798,24.83745],[67.18594,24.83747],[67.18493,24.836]]]},"properties":{"h3":"8942e44e23bffff","rank":175,"priority":0.561,"hazard":0.43,"exposure":0.98,"vulnerability":0.42,"intensity":0.425,"reasons":["More people live in this area"],"stability":"confidently out","rank_low":148,"rank_high":198,"lst":42.7,"lst_p90":43.4,"people":3112,"green":0.255,"built":0.675,"dist_health":348,"over60":193,"under5":283,"c":[67.18697,24.83597]}},{"type":"Feature","geometry":{"type":"Polygon","coordinates":[[[67.17581,24.82865],[67.17683,24.82715],[67.17887,24.82712],[67.17988,24.8286],[67.17885,24.83011],[67.17682,24.83013],[67.17581,24.82865]]]},"properties":{"h3":"8942e44e243ffff","rank":116,"priority":0.629,"hazard":0.699,"exposure":0.879,"vulnerability":0.404,"intensity":0.532,"reasons":["The ground here gets hotter on summer afternoons","More people live in this area"],"stability":"confidently out","rank_low":54,"rank_high":146,"lst":44.0,"lst_p90":44.9,"people":1353,"green":0.389,"built":0.373,"dist_health":553,"over60":84,"under5":123,"c":[67.17784,24.82863]}},{"type":"Feature","geometry":{"type":"Polygon","coordinates":[[[67.17885,24.83011],[67.17988,24.8286],[67.18191,24.82857],[67.18293,24.83005],[67.1819,24.83156],[67.17986,24.83159],[67.17885,24.83011]]]},"properties":{"h3":"8942e44e247ffff","rank":245,"priority":0.0,"hazard":0.695,"exposure":0.0,"vulnerability":0.276,"intensity":null,"reasons":["The ground here gets hotter on summer afternoons"],"stability":"confidently out","rank_low":245,"rank_high":245,"lst":44.0,"lst_p90":44.7,"people":0,"green":0.762,"built":0.0,"dist_health":789,"over60":0,"under5":0,"c":[67.18089,24.83008]}},{"type":"Feature","geometry":{"type":"Polygon","coordinates":[[[67.17582,24.82567],[67.17685,24.82416],[67.17888,24.82413],[67.17989,24.82561],[67.17887,24.82712],[67.17683,24.82715],[67.17582,24.82567]]]},"properties":{"h3":"8942e44e24bffff","rank":103,"priority":0.64,"hazard":0.529,"exposure":0.993,"vulnerability":0.499,"intensity":0.514,"reasons":["More people live in this area","Little greenery or shade"],"stability":"confidently out","rank_low":51,"rank_high":128,"lst":43.2,"lst_p90":44.3,"people":3450,"green":0.039,"built":0.849,"dist_health":232,"over60":214,"under5":314,"c":[67.17786,24.82564]}},{"type":"Feature","geometry":{"type":"Polygon","coordinates":[[[67.17887,24.82712],[67.17989,24.82561],[67.18193,24.82558],[67.18294,24.82706],[67.18191,24.82857],[67.17988,24.8286],[67.17887,24.82712]]]},"properties":{"h3":"8942e44e24fffff","rank":209,"priority":0.495,"hazard":0.327,"exposure":0.957,"vulnerability":0.388,"intensity":0.356,"reasons":["More people live in this area"],"stability":"confidently out","rank_low":170,"rank_high":211,"lst":42.3,"lst_p90":42.8,"people":2571,"green":0.485,"built":0.472,"dist_health":682,"over60":159,"under5":234,"c":[67.1809,24.82709]}},{"type":"Feature","geometry":{"type":"Polygon","coordinates":[[[67.17274,24.83019],[67.17377,24.82868],[67.17581,24.82865],[67.17682,24.83013],[67.17579,24.83164],[67.17375,24.83167],[67.17274,24.83019]]]},"properties":{"h3":"8942e44e253ffff","rank":187,"priority":0.545,"hazard":0.312,"exposure":0.936,"vulnerability":0.556,"intensity":0.416,"reasons":["More people live in this area","Little greenery or shade"],"stability":"confidently out","rank_low":149,"rank_high":202,"lst":42.2,"lst_p90":42.6,"people":2165,"green":0.01,"built":0.956,"dist_health":399,"over60":134,"under5":197,"c":[67.17478,24.83016]}},{"type":"Feature","geometry":{"type":"Polygon","coordinates":[[[67.17579,24.83164],[67.17682,24.83013],[67.17885,24.83011],[67.17986,24.83159],[67.17884,24.83309],[67.1768,24.83312],[67.17579,24.83164]]]},"properties":{"h3":"8942e44e257ffff","rank":179,"priority":0.56,"hazard":0.385,"exposure":0.957,"vulnerability":0.476,"intensity":0.428,"reasons":["More people live in this area"],"stability":"confidently out","rank_low":152,"rank_high":197,"lst":42.5,"lst_p90":43.5,"people":2571,"green":0.153,"built":0.808,"dist_health":368,"over60":159,"under5":234,"c":[67.17783,24.83161]}},{"type":"Feature","geometry":{"type":"Polygon","coordinates":[[[67.17276,24.8272],[67.17378,24.8257],[67.17582,24.82567],[67.17683,24.82715],[67.17581,24.82865],[67.17377,24.82868],[67.17276,24.8272]]]},"properties":{"h3":"8942e44e25bffff","rank":110,"priority":0.636,"hazard":0.547,"exposure":0.957,"vulnerability":0.49,"intensity":0.518,"reasons":["More people live in this area","Little greenery or shade","The ground here gets hotter on summer afternoons"],"stability":"confidently out","rank_low":80,"rank_high":133,"lst":43.3,"lst_p90":44.8,"people":2571,"green":0.117,"built":0.672,"dist_health":352,"over60":159,"under5":234,"c":[67.1748,24.82718]}},{"type":"Feature","geometry":{"type":"Polygon","coordinates":[[[67.18496,24.83002],[67.18599,24.82851],[67.18802,24.82849],[67.18903,24.82996],[67.18801,24.83147],[67.18597,24.8315],[67.18496,24.83002]]]},"properties":{"h3":"8942e44e263ffff","rank":220,"priority":0.424,"hazard":0.452,"exposure":0.599,"vulnerability":0.281,"intensity":0.356,"reasons":["Further from the nearest clinic or hospital"],"stability":"confidently out","rank_low":214,"rank_high":223,"lst":42.8,"lst_p90":44.7,"people":135,"green":0.926,"built":0.041,"dist_health":1136,"over60":8,"under5":12,"c":[67.187,24.82999]}},{"type":"Feature","geometry":{"type":"Polygon","coordinates":[[[67.18801,24.83147],[67.18903,24.82996],[67.19107,24.82994],[67.19208,24.83142],[67.19106,24.83292],[67.18902,24.83295],[67.18801,24.83147]]]},"properties":{"h3":"8942e44e267ffff","rank":136,"priority":0.615,"hazard":1.0,"exposure":0.817,"vulnerability":0.285,"intensity":0.533,"reasons":["The ground here gets hotter on summer afternoons","Further from the nearest clinic or hospital","More people live in this area"],"stability":"uncertain","rank_low":19,"rank_high":181,"lst":45.9,"lst_p90":46.5,"people":812,"green":0.809,"built":0.128,"dist_health":916,"over60":50,"under5":74,"c":[67.19005,24.83144]}},{"type":"Feature","geometry":{"type":"Polygon","coordinates":[[[67.18498,24.82703],[67.186,24.82553],[67.18804,24.8255],[67.18905,24.82698],[67.18802,24.82849],[67.18599,24.82851],[67.18498,24.82703]]]},"properties":{"h3":"8942e44e26bffff","rank":245,"priority":0.0,"hazard":0.61,"exposure":0.0,"vulnerability":0.332,"intensity":null,"reasons":["Further from the nearest clinic or hospital","The ground here gets hotter on summer afternoons"],"stability":"confidently out","rank_low":245,"rank_high":245,"lst":43.6,"lst_p90":45.7,"people":0,"green":0.98,"built":0.0,"dist_health":1448,"over60":0,"under5":0,"c":[67.18701,24.82701]}},{"type":"Feature","geometry":{"type":"Polygon","coordinates":[[[67.18802,24.82849],[67.18905,24.82698],[67.19109,24.82695],[67.1921,24.82843],[67.19107,24.82994],[67.18903,24.82996],[67.18802,24.82849]]]},"properties":{"h3":"8942e44e26fffff","rank":245,"priority":0.0,"hazard":1.0,"exposure":0.0,"vulnerability":0.297,"intensity":null,"reasons":["The ground here gets hotter on summer afternoons","Further from the nearest clinic or hospital"],"stability":"confidently out","rank_low":245,"rank_high":245,"lst":45.7,"lst_p90":46.2,"people":0,"green":0.997,"built":0.0,"dist_health":1342,"over60":0,"under5":0,"c":[67.19006,24.82846]}},{"type":"Feature","geometry":{"type":"Polygon","coordinates":[[[67.1819,24.83156],[67.18293,24.83005],[67.18496,24.83002],[67.18597,24.8315],[67.18495,24.83301],[67.18291,24.83304],[67.1819,24.83156]]]},"properties":{"h3":"8942e44e273ffff","rank":233,"priority":0.275,"hazard":0.16,"exposure":0.648,"vulnerability":0.2,"intensity":0.179,"reasons":["Further from the nearest clinic or hospital"],"stability":"confidently out","rank_low":229,"rank_high":235,"lst":41.5,"lst_p90":43.4,"people":203,"green":0.963,"built":0.0,"dist_health":887,"over60":13,"under5":18,"c":[67.18394,24.83153]}},{"type":"Feature","geometry":{"type":"Polygon","coordinates":[[[67.18495,24.83301],[67.18597,24.8315],[67.18801,24.83147],[67.18902,24.83295],[67.188,24.83446],[67.18596,24.83449],[67.18495,24.83301]]]},"properties":{"h3":"8942e44e277ffff","rank":229,"priority":0.319,"hazard":0.333,"exposure":0.599,"vulnerability":0.162,"intensity":0.232,"reasons":["Below the Landhi average on every measure we track"],"stability":"confidently out","rank_low":226,"rank_high":233,"lst":42.3,"lst_p90":44.6,"people":135,"green":0.956,"built":0.0,"dist_health":722,"over60":8,"under5":12,"c":[67.18698,24.83298]}},{"type":"Feature","geometry":{"type":"Polygon","coordinates":[[[67.18191,24.82857],[67.18294,24.82706],[67.18498,24.82703],[67.18599,24.82851],[67.18496,24.83002],[67.18293,24.83005],[67.18191,24.82857]]]},"properties":{"h3":"8942e44e27bffff","rank":245,"priority":0.0,"hazard":0.325,"exposure":0.0,"vulnerability":0.275,"intensity":null,"reasons":["Further from the nearest clinic or hospital"],"stability":"confidently out","rank_low":245,"rank_high":245,"lst":42.3,"lst_p90":43.5,"people":0,"green":0.936,"built":0.0,"dist_health":1134,"over60":0,"under5":0,"c":[67.18395,24.82854]}},{"type":"Feature","geometry":{"type":"Polygon","coordinates":[[[67.17268,24.84214],[67.17371,24.84063],[67.17575,24.8406],[67.17676,24.84208],[67.17573,24.84359],[67.17369,24.84362],[67.17268,24.84214]]]},"properties":{"h3":"8942e44e283ffff","rank":135,"priority":0.615,"hazard":0.442,"exposure":0.951,"vulnerability":0.553,"intensity":0.494,"reasons":["More people live in this area","Little greenery or shade"],"stability":"confidently out","rank_low":87,"rank_high":151,"lst":42.8,"lst_p90":43.1,"people":2446,"green":0.026,"built":0.911,"dist_health":420,"over60":151,"under5":222,"c":[67.17472,24.84211]}},{"type":"Feature","geometry":{"type":"Polygon","coordinates":[[[67.17573,24.84359],[67.17676,24.84208],[67.17879,24.84205],[67.1798,24.84353],[67.17878,24.84504],[67.17674,24.84507],[67.17573,24.84359]]]},"properties":{"h3":"8942e44e287ffff","rank":75,"priority":0.681,"hazard":0.627,"exposure":0.832,"vulnerability":0.606,"intensity":0.616,"reasons":["The ground here gets hotter on summer afternoons","Little greenery or shade","More people live in this area"],"stability":"uncertain","rank_low":42,"rank_high":78,"lst":43.7,"lst_p90":45.0,"people":924,"green":0.085,"built":0.721,"dist_health":749,"over60":50,"under5":92,"c":[67.17777,24.84356]}},{"type":"Feature","geometry":{"type":"Polygon","coordinates":[[[67.1727,24.83915],[67.17372,24.83764],[67.17576,24.83762],[67.17677,24.8391],[67.17575,24.8406],[67.17371,24.84063],[67.1727,24.83915]]]},"properties":{"h3":"8942e44e28bffff","rank":127,"priority":0.621,"hazard":0.495,"exposure":0.98,"vulnerability":0.494,"intensity":0.495,"reasons":["More people live in this area","Little greenery or shade"],"stability":"confidently out","rank_low":64,"rank_high":152,"lst":43.1,"lst_p90":43.4,"people":3112,"green":0.015,"built":0.934,"dist_health":14,"over60":193,"under5":283,"c":[67.17474,24.83912]}},{"type":"Feature","geometry":{"type":"Polygon","coordinates":[[[67.17575,24.8406],[67.17677,24.8391],[67.17881,24.83907],[67.17982,24.84055],[67.17879,24.84205],[67.17676,24.84208],[67.17575,24.8406]]]},"properties":{"h3":"8942e44e28fffff","rank":111,"priority":0.634,"hazard":0.454,"exposure":1.0,"vulnerability":0.562,"intensity":0.505,"reasons":["More people live in this area","Little greenery or shade"],"stability":"confidently out","rank_low":48,"rank_high":134,"lst":42.9,"lst_p90":43.1,"people":3992,"green":0.026,"built":0.929,"dist_health":455,"over60":248,"under5":363,"c":[67.17778,24.84057]}},{"type":"Feature","geometry":{"type":"Polygon","coordinates":[[[67.16962,24.84367],[67.17065,24.84217],[67.17268,24.84214],[67.17369,24.84362],[67.17267,24.84513],[67.17063,24.84515],[67.16962,24.84367]]]},"properties":{"h3":"8942e44e293ffff","rank":86,"priority":0.653,"hazard":0.452,"exposure":0.977,"vulnerability":0.631,"intensity":0.534,"reasons":["More people live in this area","Little greenery or shade"],"stability":"uncertain","rank_low":29,"rank_high":117,"lst":42.8,"lst_p90":43.5,"people":3027,"green":0.004,"built":0.914,"dist_health":689,"over60":187,"under5":276,"c":[67.17166,24.84365]}},{"type":"Feature","geometry":{"type":"Polygon","coordinates":[[[67.17267,24.84513],[67.17369,24.84362],[67.17573,24.84359],[67.17674,24.84507],[67.17572,24.84658],[67.17368,24.84661],[67.17267,24.84513]]]},"properties":{"h3":"8942e44e297ffff","rank":56,"priority":0.704,"hazard":0.584,"exposure":0.9,"vulnerability":0.665,"intensity":0.623,"reasons":["Little greenery or shade","More people live in this area","The ground here gets hotter on summer afternoons"],"stability":"uncertain","rank_low":14,"rank_high":68,"lst":43.5,"lst_p90":44.2,"people":1610,"green":0.017,"built":0.895,"dist_health":850,"over60":92,"under5":155,"c":[67.17471,24.8451]}},{"type":"Feature","geometry":{"type":"Polygon","coordinates":[[[67.16964,24.84069],[67.17066,24.83918],[67.1727,24.83915],[67.17371,24.84063],[67.17268,24.84214],[67.17065,24.84217],[67.16964,24.84069]]]},"properties":{"h3":"8942e44e29bffff","rank":174,"priority":0.567,"hazard":0.341,"exposure":0.936,"vulnerability":0.571,"intensity":0.442,"reasons":["More people live in this area","Little greenery or shade"],"stability":"confidently out","rank_low":118,"rank_high":188,"lst":42.3,"lst_p90":42.6,"people":2165,"green":0.002,"built":0.949,"dist_health":446,"over60":134,"under5":197,"c":[67.17167,24.84066]}},{"type":"Feature","geometry":{"type":"Polygon","coordinates":[[[67.18184,24.84351],[67.18287,24.842],[67.1849,24.84197],[67.18592,24.84345],[67.18489,24.84496],[67.18285,24.84499],[67.18184,24.84351]]]},"properties":{"h3":"8942e44e2a3ffff","rank":146,"priority":0.604,"hazard":0.404,"exposure":0.931,"vulnerability":0.586,"intensity":0.486,"reasons":["More people live in this area","Little greenery or shade"],"stability":"confidently out","rank_low":111,"rank_high":163,"lst":42.6,"lst_p90":42.9,"people":2069,"green":0.04,"built":0.921,"dist_health":581,"over60":123,"under5":194,"c":[67.18388,24.84348]}},{"type":"Feature","geometry":{"type":"Polygon","coordinates":[[[67.18489,24.84496],[67.18592,24.84345],[67.18795,24.84342],[67.18896,24.8449],[67.18794,24.84641],[67.1859,24.84644],[67.18489,24.84496]]]},"properties":{"h3":"8942e44e2a7ffff","rank":148,"priority":0.603,"hazard":0.467,"exposure":0.834,"vulnerability":0.564,"intensity":0.513,"reasons":["Little greenery or shade","More people live in this area"],"stability":"confidently out","rank_low":110,"rank_high":154,"lst":42.9,"lst_p90":43.7,"people":934,"green":0.035,"built":0.884,"dist_health":482,"over60":50,"under5":94,"c":[67.18693,24.84493]}},{"type":"Feature","geometry":{"type":"Polygon","coordinates":[[[67.18186,24.84052],[67.18288,24.83901],[67.18492,24.83898],[67.18593,24.84046],[67.1849,24.84197],[67.18287,24.842],[67.18186,24.84052]]]},"properties":{"h3":"8942e44e2abffff","rank":125,"priority":0.623,"hazard":0.491,"exposure":0.983,"vulnerability":0.503,"intensity":0.497,"reasons":["More people live in this area","Little greenery or shade"],"stability":"confidently out","rank_low":87,"rank_high":148,"lst":43.0,"lst_p90":43.4,"people":3180,"green":0.064,"built":0.796,"dist_health":297,"over60":197,"under5":289,"c":[67.18389,24.84049]}},{"type":"Feature","geometry":{"type":"Polygon","coordinates":[[[67.1849,24.84197],[67.18593,24.84046],[67.18797,24.84043],[67.18898,24.84191],[67.18795,24.84342],[67.18592,24.84345],[67.1849,24.84197]]]},"properties":{"h3":"8942e44e2afffff","rank":120,"priority":0.626,"hazard":0.502,"exposure":1.0,"vulnerability":0.489,"intensity":0.496,"reasons":["More people live in this area","Little greenery or shade"],"stability":"confidently out","rank_low":45,"rank_high":144,"lst":43.1,"lst_p90":43.6,"people":4803,"green":0.024,"built":0.904,"dist_health":148,"over60":298,"under5":437,"c":[67.18694,24.84194]}},{"type":"Feature","geometry":{"type":"Polygon","coordinates":[[[67.17878,24.84504],[67.1798,24.84353],[67.18184,24.84351],[67.18285,24.84499],[67.18183,24.84649],[67.17979,24.84652],[67.17878,24.84504]]]},"properties":{"h3":"8942e44e2b3ffff","rank":115,"priority":0.629,"hazard":0.478,"exposure":0.784,"vulnerability":0.665,"intensity":0.564,"reasons":["Little greenery or shade","Further from the nearest clinic or hospital"],"stability":"confidently out","rank_low":96,"rank_high":149,"lst":43.0,"lst_p90":43.9,"people":620,"green":0.063,"built":0.85,"dist_health":942,"over60":28,"under5":68,"c":[67.18082,24.84501]}},{"type":"Feature","geometry":{"type":"Polygon","coordinates":[[[67.18183,24.84649],[67.18285,24.84499],[67.18489,24.84496],[67.1859,24.84644],[67.18488,24.84794],[67.18284,24.84797],[67.18183,24.84649]]]},"properties":{"h3":"8942e44e2b7ffff","rank":72,"priority":0.685,"hazard":0.6,"exposure":0.793,"vulnerability":0.674,"intensity":0.636,"reasons":["Little greenery or shade","The ground here gets hotter on summer afternoons","Further from the nearest clinic or hospital"],"stability":"uncertain","rank_low":45,"rank_high":80,"lst":43.5,"lst_p90":44.4,"people":670,"green":0.031,"built":0.794,"dist_health":913,"over60":30,"under5":74,"c":[67.18386,24.84647]}},{"type":"Feature","geometry":{"type":"Polygon","coordinates":[[[67.17879,24.84205],[67.17982,24.84055],[67.18186,24.84052],[67.18287,24.842],[67.18184,24.84351],[67.1798,24.84353],[67.17879,24.84205]]]},"properties":{"h3":"8942e44e2bbffff","rank":82,"priority":0.667,"hazard":0.532,"exposure":1.0,"vulnerability":0.557,"intensity":0.544,"reasons":["More people live in this area","Little greenery or shade"],"stability":"uncertain","rank_low":31,"rank_high":96,"lst":43.2,"lst_p90":44.2,"people":4460,"green":0.077,"built":0.685,"dist_health":540,"over60":274,"under5":408,"c":[67.18083,24.84203]}},{"type":"Feature","geometry":{"type":"Polygon","coordinates":[[[67.16967,24.83471],[67.17069,24.83321],[67.17273,24.83318],[67.17374,24.83466],[67.17271,24.83616],[67.17068,24.83619],[67.16967,24.83471]]]},"properties":{"h3":"8942e44e2c3ffff","rank":197,"priority":0.537,"hazard":0.274,"exposure":1.0,"vulnerability":0.564,"intensity":0.393,"reasons":["More people live in this area","Little greenery or shade"],"stability":"confidently out","rank_low":124,"rank_high":205,"lst":42.0,"lst_p90":42.4,"people":3789,"green":0.0,"built":0.985,"dist_health":418,"over60":235,"under5":344,"c":[67.1717,24.83468]}},{"type":"Feature","geometry":{"type":"Polygon","coordinates":[[[67.17271,24.83616],[67.17374,24.83466],[67.17578,24.83463],[67.17679,24.83611],[67.17576,24.83762],[67.17372,24.83764],[67.17271,24.83616]]]},"properties":{"h3":"8942e44e2c7ffff","rank":166,"priority":0.578,"hazard":0.39,"exposure":0.991,"vulnerability":0.5,"intensity":0.441,"reasons":["More people live in this area","Little greenery or shade"],"stability":"confidently out","rank_low":89,"rank_high":186,"lst":42.6,"lst_p90":42.9,"people":3383,"green":0.002,"built":0.971,"dist_health":90,"over60":210,"under5":307,"c":[67.17475,24.83614]}},{"type":"Feature","geometry":{"type":"Polygon","coordinates":[[[67.16968,24.83173],[67.17071,24.83022],[67.17274,24.83019],[67.17375,24.83167],[67.17273,24.83318],[67.17069,24.83321],[67.16968,24.83173]]]},"properties":{"h3":"8942e44e2cbffff","rank":160,"priority":0.589,"hazard":0.409,"exposure":1.0,"vulnerability":0.5,"intensity":0.452,"reasons":["More people live in this area","Little greenery or shade"],"stability":"confidently out","rank_low":69,"rank_high":179,"lst":42.6,"lst_p90":43.2,"people":3789,"green":0.0,"built":0.991,"dist_health":34,"over60":235,"under5":344,"c":[67.17187,24.83171]}},{"type":"Feature","geometry":{"type":"Polygon","coordinates":[[[67.17273,24.83318],[67.17375,24.83167],[67.17579,24.83164],[67.1768,24.83312],[67.17578,24.83463],[67.17374,24.83466],[67.17273,24.83318]]]},"properties":{"h3":"8942e44e2cfffff","rank":173,"priority":0.567,"hazard":0.376,"exposure":0.951,"vulnerability":0.51,"intensity":0.438,"reasons":["More people live in this area","Little greenery or shade"],"stability":"confidently out","rank_low":125,"rank_high":191,"lst":42.5,"lst_p90":43.0,"people":2436,"green":0.008,"built":0.972,"dist_health":214,"over60":151,"under5":221,"c":[67.17477,24.83315]}},{"type":"Feature","geometry":{"type":"Polygon","coordinates":[[[67.1666,24.83625],[67.16763,24.83474],[67.16967,24.83471],[67.17068,24.83619],[67.16965,24.8377],[67.16762,24.83773],[67.1666,24.83625]]]},"properties":{"h3":"8942e44e2d3ffff","rank":124,"priority":0.624,"hazard":0.383,"exposure":0.98,"vulnerability":0.645,"intensity":0.497,"reasons":["More people live in this area","Little greenery or shade"],"stability":"confidently out","rank_low":54,"rank_high":152,"lst":42.5,"lst_p90":42.7,"people":3112,"green":0.002,"built":0.989,"dist_health":741,"over60":193,"under5":283,"c":[67.16864,24.83622]}},{"type":"Feature","geometry":{"type":"Polygon","coordinates":[[[67.16965,24.8377],[67.17068,24.83619],[67.17271,24.83616],[67.17372,24.83764],[67.1727,24.83915],[67.17066,24.83918],[67.16965,24.8377]]]},"properties":{"h3":"8942e44e2d7ffff","rank":149,"priority":0.601,"hazard":0.395,"exposure":0.975,"vulnerability":0.562,"intensity":0.471,"reasons":["More people live in this area","Little greenery or shade"],"stability":"confidently out","rank_low":97,"rank_high":166,"lst":42.6,"lst_p90":42.9,"people":2977,"green":0.023,"built":0.946,"dist_health":449,"over60":185,"under5":271,"c":[67.17169,24.83767]}},{"type":"Feature","geometry":{"type":"Polygon","coordinates":[[[67.16662,24.83326],[67.16765,24.83175],[67.16968,24.83173],[67.17069,24.83321],[67.16967,24.83471],[67.16763,24.83474],[67.16662,24.83326]]]},"properties":{"h3":"8942e44e2dbffff","rank":178,"priority":0.56,"hazard":0.344,"exposure":0.924,"vulnerability":0.554,"intensity":0.436,"reasons":["More people live in this area","Little greenery or shade"],"stability":"confidently out","rank_low":126,"rank_high":193,"lst":42.3,"lst_p90":42.8,"people":1962,"green":0.001,"built":0.969,"dist_health":376,"over60":122,"under5":178,"c":[67.16866,24.83368]}},{"type":"Feature","geometry":{"type":"Polygon","coordinates":[[[67.20016,24.84624],[67.20118,24.84473],[67.20322,24.8447],[67.20423,24.84618],[67.20321,24.84769],[67.20117,24.84772],[67.20016,24.84624]]]},"properties":{"h3":"8942e44e303ffff","rank":88,"priority":0.652,"hazard":0.513,"exposure":0.806,"vulnerability":0.672,"intensity":0.587,"reasons":["Little greenery or shade","More people live in this area","Further from the nearest clinic or hospital"],"stability":"confidently out","rank_low":46,"rank_high":111,"lst":43.1,"lst_p90":43.8,"people":741,"green":0.009,"built":0.939,"dist_health":863,"over60":33,"under5":81,"c":[67.2022,24.84621]}},{"type":"Feature","geometry":{"type":"Polygon","coordinates":[[[67.20321,24.84769],[67.20423,24.84618],[67.20627,24.84615],[67.20728,24.84763],[67.20626,24.84914],[67.20422,24.84917],[67.20321,24.84769]]]},"properties":{"h3":"8942e44e307ffff","rank":138,"priority":0.612,"hazard":0.566,"exposure":0.721,"vulnerability":0.562,"intensity":0.564,"reasons":["Little greenery or shade","The ground here gets hotter on summer afternoons"],"stability":"confidently out","rank_low":124,"rank_high":174,"lst":43.4,"lst_p90":43.9,"people":370,"green":0.031,"built":0.889,"dist_health":468,"over60":17,"under5":41,"c":[67.20524,24.84766]}},{"type":"Feature","geometry":{"type":"Polygon","coordinates":[[[67.20017,24.84325],[67.2012,24.84174],[67.20323,24.84171],[67.20425,24.84319],[67.20322,24.8447],[67.20118,24.84473],[67.20017,24.84325]]]},"properties":{"h3":"8942e44e30bffff","rank":117,"priority":0.628,"hazard":0.516,"exposure":0.79,"vulnerability":0.609,"intensity":0.561,"reasons":["Little greenery or shade","More people live in this area"],"stability":"confidently out","rank_low":83,"rank_high":130,"lst":43.1,"lst_p90":43.5,"people":650,"green":0.012,"built":0.952,"dist_health":617,"over60":29,"under5":71,"c":[67.20221,24.84322]}},{"type":"Feature","geometry":{"type":"Polygon","coordinates":[[[67.20322,24.8447],[67.20425,24.84319],[67.20628,24.84317],[67.20729,24.84465],[67.20627,24.84615],[67.20423,24.84618],[67.20322,24.8447]]]},"properties":{"h3":"8942e44e30fffff","rank":70,"priority":0.688,"hazard":0.704,"exposure":0.793,"vulnerability":0.583,"intensity":0.641,"reasons":["The ground here gets hotter on summer afternoons","Further from the nearest clinic or hospital","More people live in this area"],"stability":"confidently out","rank_low":58,"rank_high":88,"lst":44.0,"lst_p90":45.0,"people":670,"green":0.196,"built":0.483,"dist_health":881,"over60":30,"under5":74,"c":[67.20526,24.84467]}},{"type":"Feature","geometry":{"type":"Polygon","coordinates":[[[67.1971,24.84777],[67.19812,24.84627],[67.20016,24.84624],[67.20117,24.84772],[67.20015,24.84923],[67.19811,24.84925],[67.1971,24.84777]]]},"properties":{"h3":"8942e44e313ffff","rank":164,"priority":0.586,"hazard":0.378,"exposure":0.782,"vulnerability":0.68,"intensity":0.507,"reasons":["Little greenery or shade","Further from the nearest clinic or hospital"],"stability":"confidently out","rank_low":135,"rank_high":185,"lst":42.5,"lst_p90":43.1,"people":610,"green":0.019,"built":0.955,"dist_health":915,"over60":27,"under5":67,"c":[67.19913,24.84775]}},{"type":"Feature","geometry":{"type":"Polygon","coordinates":[[[67.20015,24.84923],[67.20117,24.84772],[67.20321,24.84769],[67.20422,24.84917],[67.20319,24.85068],[67.20116,24.85071],[67.20015,24.84923]]]},"properties":{"h3":"8942e44e317ffff","rank":130,"priority":0.618,"hazard":0.574,"exposure":0.745,"vulnerability":0.551,"intensity":0.562,"reasons":["The ground here gets hotter on summer afternoons","Little greenery or shade"],"stability":"confidently out","rank_low":121,"rank_high":177,"lst":43.4,"lst_p90":44.8,"people":450,"green":0.092,"built":0.813,"dist_health":544,"over60":20,"under5":49,"c":[67.20218,24.8492]}},{"type":"Feature","geometry":{"type":"Polygon","coordinates":[[[67.19711,24.84479],[67.19814,24.84328],[67.20017,24.84325],[67.20118,24.84473],[67.20016,24.84624],[67.19812,24.84627],[67.19711,24.84479]]]},"properties":{"h3":"8942e44e31bffff","rank":137,"priority":0.613,"hazard":0.481,"exposure":0.76,"vulnerability":0.63,"intensity":0.55,"reasons":["Little greenery or shade"],"stability":"confidently out","rank_low":118,"rank_high":167,"lst":43.0,"lst_p90":43.3,"people":510,"green":0.03,"built":0.917,"dist_health":735,"over60":23,"under5":56,"c":[67.19915,24.84476]}},{"type":"Feature","geometry":{"type":"Polygon","coordinates":[[[67.20932,24.8476],[67.21034,24.8461],[67.21238,24.84607],[67.21339,24.84755],[67.21237,24.84906],[67.21033,24.84908],[67.20932,24.8476]]]},"properties":{"h3":"8942e44e323ffff","rank":41,"priority":0.721,"hazard":0.867,"exposure":0.711,"vulnerability":0.607,"intensity":0.726,"reasons":["The ground here gets hotter on summer afternoons","Little greenery or shade"],"stability":"uncertain","rank_low":28,"rank_high":148,"lst":44.8,"lst_p90":45.6,"people":340,"green":0.088,"built":0.322,"dist_health":762,"over60":15,"under5":37,"c":[67.21097,24.8472]}},{"type":"Feature","geometry":{"type":"Polygon","coordinates":[[[67.20933,24.84462],[67.21036,24.84311],[67.21239,24.84308],[67.21341,24.84456],[67.21238,24.84607],[67.21034,24.8461],[67.20933,24.84462]]]},"properties":{"h3":"8942e44e32bffff","rank":65,"priority":0.692,"hazard":0.641,"exposure":0.776,"vulnerability":0.665,"intensity":0.653,"reasons":["Further from the nearest clinic or hospital","The ground here gets hotter on summer afternoons"],"stability":"confidently out","rank_low":58,"rank_high":113,"lst":43.7,"lst_p90":45.3,"people":580,"green":0.131,"built":0.437,"dist_health":1078,"over60":26,"under5":64,"c":[67.21137,24.84459]}},{"type":"Feature","geometry":{"type":"Polygon","coordinates":[[[67.21238,24.84607],[67.21341,24.84456],[67.21544,24.84453],[67.21645,24.84601],[67.21543,24.84752],[67.21339,24.84755],[67.21238,24.84607]]]},"properties":{"h3":"8942e44e32fffff","rank":74,"priority":0.683,"hazard":0.655,"exposure":0.669,"vulnerability":0.728,"intensity":0.69,"reasons":["Further from the nearest clinic or hospital","The ground here gets hotter on summer afternoons","Little greenery or shade"],"stability":"confidently out","rank_low":58,"rank_high":173,"lst":43.8,"lst_p90":44.6,"people":240,"green":0.058,"built":0.772,"dist_health":1185,"over60":11,"under5":26,"c":[67.21364,24.84536]}},{"type":"Feature","geometry":{"type":"Polygon","coordinates":[[[67.20626,24.84914],[67.20728,24.84763],[67.20932,24.8476],[67.21033,24.84908],[67.2093,24.85059],[67.20727,24.85062],[67.20626,24.84914]]]},"properties":{"h3":"8942e44e333ffff","rank":119,"priority":0.627,"hazard":0.817,"exposure":0.75,"vulnerability":0.402,"intensity":0.573,"reasons":["The ground here gets hotter on summer afternoons"],"stability":"confidently out","rank_low":90,"rank_high":192,"lst":44.6,"lst_p90":45.5,"people":470,"green":0.282,"built":0.476,"dist_health":331,"over60":21,"under5":52,"c":[67.20807,24.84881]}},{"type":"Feature","geometry":{"type":"Polygon","coordinates":[[[67.20627,24.84615],[67.20729,24.84465],[67.20933,24.84462],[67.21034,24.8461],[67.20932,24.8476],[67.20728,24.84763],[67.20627,24.84615]]]},"properties":{"h3":"8942e44e33bffff","rank":87,"priority":0.653,"hazard":0.725,"exposure":0.79,"vulnerability":0.486,"intensity":0.593,"reasons":["The ground here gets hotter on summer afternoons","More people live in this area"],"stability":"confidently out","rank_low":74,"rank_high":125,"lst":44.1,"lst_p90":45.8,"people":650,"green":0.296,"built":0.62,"dist_health":692,"over60":29,"under5":71,"c":[67.20831,24.84612]}},{"type":"Feature","geometry":{"type":"Polygon","coordinates":[[[67.19714,24.83881],[67.19816,24.8373],[67.2002,24.83728],[67.20121,24.83876],[67.20019,24.84026],[67.19815,24.84029],[67.19714,24.83881]]]},"properties":{"h3":"8942e44e343ffff","rank":201,"priority":0.525,"hazard":0.353,"exposure":0.835,"vulnerability":0.49,"intensity":0.416,"reasons":["Little greenery or shade","More people live in this area"],"stability":"confidently out","rank_low":165,"rank_high":208,"lst":42.4,"lst_p90":43.1,"people":944,"green":0.022,"built":0.929,"dist_health":138,"over60":50,"under5":95,"c":[67.19918,24.83878]}},{"type":"Feature","geometry":{"type":"Polygon","coordinates":[[[67.20019,24.84026],[67.20121,24.83876],[67.20325,24.83873],[67.20426,24.84021],[67.20323,24.84171],[67.2012,24.84174],[67.20019,24.84026]]]},"properties":{"h3":"8942e44e347ffff","rank":68,"priority":0.69,"hazard":0.755,"exposure":0.825,"vulnerability":0.526,"intensity":0.631,"reasons":["The ground here gets hotter on summer afternoons","Little greenery or shade","More people live in this area"],"stability":"uncertain","rank_low":37,"rank_high":86,"lst":44.3,"lst_p90":45.8,"people":871,"green":0.047,"built":0.84,"dist_health":357,"over60":39,"under5":95,"c":[67.20222,24.84024]}},{"type":"Feature","geometry":{"type":"Polygon","coordinates":[[[67.19715,24.83583],[67.19818,24.83432],[67.20021,24.83429],[67.20123,24.83577],[67.2002,24.83728],[67.19816,24.8373],[67.19715,24.83583]]]},"properties":{"h3":"8942e44e34bffff","rank":205,"priority":0.512,"hazard":0.8,"exposure":0.707,"vulnerability":0.237,"intensity":0.435,"reasons":["The ground here gets hotter on summer afternoons"],"stability":"confidently out","rank_low":151,"rank_high":213,"lst":44.5,"lst_p90":46.1,"people":330,"green":0.726,"built":0.138,"dist_health":560,"over60":15,"under5":36,"c":[67.19919,24.8358]}},{"type":"Feature","geometry":{"type":"Polygon","coordinates":[[[67.2002,24.83728],[67.20123,24.83577],[67.20326,24.83574],[67.20427,24.83722],[67.20325,24.83873],[67.20121,24.83876],[67.2002,24.83728]]]},"properties":{"h3":"8942e44e34fffff","rank":49,"priority":0.714,"hazard":0.882,"exposure":0.799,"vulnerability":0.517,"intensity":0.675,"reasons":["The ground here gets hotter on summer afternoons","More people live in this area"],"stability":"uncertain","rank_low":27,"rank_high":92,"lst":44.9,"lst_p90":45.6,"people":701,"green":0.135,"built":0.798,"dist_health":494,"over60":31,"under5":77,"c":[67.20224,24.83725]}},{"type":"Feature","geometry":{"type":"Polygon","coordinates":[[[67.19408,24.84035],[67.1951,24.83884],[67.19714,24.83881],[67.19815,24.84029],[67.19712,24.8418],[67.19509,24.84183],[67.19408,24.84035]]]},"properties":{"h3":"8942e44e353ffff","rank":106,"priority":0.639,"hazard":0.569,"exposure":0.978,"vulnerability":0.468,"intensity":0.516,"reasons":["More people live in this area","Little greenery or shade","The ground here gets hotter on summer afternoons"],"stability":"confidently out","rank_low":69,"rank_high":139,"lst":43.4,"lst_p90":44.0,"people":3044,"green":0.09,"built":0.782,"dist_health":211,"over60":189,"under5":277,"c":[67.19611,24.84032]}},{"type":"Feature","geometry":{"type":"Polygon","coordinates":[[[67.19712,24.8418],[67.19815,24.84029],[67.20019,24.84026],[67.2012,24.84174],[67.20017,24.84325],[67.19814,24.84328],[67.19712,24.8418]]]},"properties":{"h3":"8942e44e357ffff","rank":170,"priority":0.572,"hazard":0.515,"exposure":0.795,"vulnerability":0.455,"intensity":0.485,"reasons":["More people live in this area"],"stability":"confidently out","rank_low":157,"rank_high":192,"lst":43.1,"lst_p90":43.5,"people":681,"green":0.164,"built":0.732,"dist_health":308,"over60":35,"under5":70,"c":[67.19916,24.84177]}},{"type":"Feature","geometry":{"type":"Polygon","coordinates":[[[67.19409,24.83736],[67.19512,24.83585],[67.19715,24.83583],[67.19816,24.8373],[67.19714,24.83881],[67.1951,24.83884],[67.19409,24.83736]]]},"properties":{"h3":"8942e44e35bffff","rank":168,"priority":0.577,"hazard":0.799,"exposure":0.911,"vulnerability":0.264,"intensity":0.459,"reasons":["The ground here gets hotter on summer afternoons","More people live in this area"],"stability":"confidently out","rank_low":43,"rank_high":196,"lst":44.5,"lst_p90":46.3,"people":1759,"green":0.668,"built":0.268,"dist_health":552,"over60":109,"under5":160,"c":[67.19613,24.83733]}},{"type":"Feature","geometry":{"type":"Polygon","coordinates":[[[67.2063,24.84018],[67.20732,24.83867],[67.20936,24.83864],[67.21037,24.84012],[67.20935,24.84163],[67.20731,24.84166],[67.2063,24.84018]]]},"properties":{"h3":"8942e44e363ffff","rank":100,"priority":0.642,"hazard":0.585,"exposure":0.812,"vulnerability":0.558,"intensity":0.571,"reasons":["Little greenery or shade","The ground here gets hotter on summer afternoons","More people live in this area"],"stability":"uncertain","rank_low":44,"rank_high":116,"lst":43.5,"lst_p90":44.9,"people":781,"green":0.011,"built":0.65,"dist_health":409,"over60":35,"under5":86,"c":[67.20833,24.84015]}},{"type":"Feature","geometry":{"type":"Polygon","coordinates":[[[67.20935,24.84163],[67.21037,24.84012],[67.21241,24.84009],[67.21342,24.84157],[67.21239,24.84308],[67.21036,24.84311],[67.20935,24.84163]]]},"properties":{"h3":"8942e44e367ffff","rank":98,"priority":0.642,"hazard":0.558,"exposure":0.769,"vulnerability":0.618,"intensity":0.587,"reasons":["The ground here gets hotter on summer afternoons","Little greenery or shade"],"stability":"confidently out","rank_low":91,"rank_high":146,"lst":43.3,"lst_p90":45.3,"people":550,"green":0.108,"built":0.563,"dist_health":844,"over60":25,"under5":60,"c":[67.21138,24.8416]}},{"type":"Feature","geometry":{"type":"Polygon","coordinates":[[[67.20631,24.83719],[67.20734,24.83568],[67.20937,24.83565],[67.21038,24.83713],[67.20936,24.83864],[67.20732,24.83867],[67.20631,24.83719]]]},"properties":{"h3":"8942e44e36bffff","rank":212,"priority":0.487,"hazard":0.27,"exposure":0.821,"vulnerability":0.521,"intensity":0.375,"reasons":["Little greenery or shade","More people live in this area"],"stability":"confidently out","rank_low":187,"rank_high":217,"lst":42.0,"lst_p90":42.4,"people":841,"green":0.024,"built":0.919,"dist_health":290,"over60":38,"under5":92,"c":[67.20835,24.83716]}},{"type":"Feature","geometry":{"type":"Polygon","coordinates":[[[67.20936,24.83864],[67.21038,24.83713],[67.21242,24.83711],[67.21343,24.83858],[67.21241,24.84009],[67.21037,24.84012],[67.20936,24.83864]]]},"properties":{"h3":"8942e44e36fffff","rank":159,"priority":0.591,"hazard":0.429,"exposure":0.788,"vulnerability":0.61,"intensity":0.511,"reasons":["Little greenery or shade"],"stability":"confidently out","rank_low":144,"rank_high":174,"lst":42.7,"lst_p90":43.5,"people":640,"green":0.038,"built":0.692,"dist_health":672,"over60":29,"under5":70,"c":[67.2114,24.83861]}},{"type":"Feature","geometry":{"type":"Polygon","coordinates":[[[67.20323,24.84171],[67.20426,24.84021],[67.2063,24.84018],[67.20731,24.84166],[67.20628,24.84317],[67.20425,24.84319],[67.20323,24.84171]]]},"properties":{"h3":"8942e44e373ffff","rank":102,"priority":0.64,"hazard":0.575,"exposure":0.82,"vulnerability":0.557,"intensity":0.566,"reasons":["Little greenery or shade","The ground here gets hotter on summer afternoons","More people live in this area"],"stability":"confidently out","rank_low":76,"rank_high":112,"lst":43.4,"lst_p90":43.8,"people":831,"green":0.083,"built":0.841,"dist_health":552,"over60":37,"under5":91,"c":[67.20527,24.84169]}},{"type":"Feature","geometry":{"type":"Polygon","coordinates":[[[67.20628,24.84317],[67.20731,24.84166],[67.20935,24.84163],[67.21036,24.84311],[67.20933,24.84462],[67.20729,24.84465],[67.20628,24.84317]]]},"properties":{"h3":"8942e44e377ffff","rank":79,"priority":0.674,"hazard":0.606,"exposure":0.822,"vulnerability":0.614,"intensity":0.61,"reasons":["The ground here gets hotter on summer afternoons","Little greenery or shade","More people live in this area"],"stability":"uncertain","rank_low":46,"rank_high":85,"lst":43.6,"lst_p90":44.3,"people":851,"green":0.088,"built":0.712,"dist_health":788,"over60":38,"under5":93,"c":[67.20832,24.84314]}},{"type":"Feature","geometry":{"type":"Polygon","coordinates":[[[67.20325,24.83873],[67.20427,24.83722],[67.20631,24.83719],[67.20732,24.83867],[67.2063,24.84018],[67.20426,24.84021],[67.20325,24.83873]]]},"properties":{"h3":"8942e44e37bffff","rank":139,"priority":0.611,"hazard":0.614,"exposure":0.797,"vulnerability":0.466,"intensity":0.535,"reasons":["The ground here gets hotter on summer afternoons","Little greenery or shade","More people live in this area"],"stability":"confidently out","rank_low":113,"rank_high":169,"lst":43.6,"lst_p90":44.9,"people":691,"green":0.075,"built":0.867,"dist_health":172,"over60":31,"under5":76,"c":[67.20529,24.8387]}},{"type":"Feature","geometry":{"type":"Polygon","coordinates":[[[67.19402,24.8523],[67.19505,24.85079],[67.19708,24.85076],[67.19809,24.85224],[67.19707,24.85375],[67.19503,24.85378],[67.19402,24.8523]]]},"properties":{"h3":"8942e44e383ffff","rank":58,"priority":0.704,"hazard":0.805,"exposure":0.753,"vulnerability":0.575,"intensity":0.68,"reasons":["The ground here gets hotter on summer afternoons","Little greenery or shade"],"stability":"confidently out","rank_low":41,"rank_high":134,"lst":44.5,"lst_p90":45.0,"people":480,"green":0.075,"built":0.621,"dist_health":607,"over60":21,"under5":53,"c":[67.19606,24.85227]}},{"type":"Feature","geometry":{"type":"Polygon","coordinates":[[[67.19707,24.85375],[67.19809,24.85224],[67.20013,24.85221],[67.20114,24.85369],[67.20012,24.8552],[67.19808,24.85523],[67.19707,24.85375]]]},"properties":{"h3":"8942e44e387ffff","rank":76,"priority":0.679,"hazard":0.679,"exposure":0.772,"vulnerability":0.596,"intensity":0.636,"reasons":["The ground here gets hotter on summer afternoons","Little greenery or shade"],"stability":"confidently out","rank_low":66,"rank_high":111,"lst":43.9,"lst_p90":44.6,"people":560,"green":0.033,"built":0.862,"dist_health":607,"over60":25,"under5":61,"c":[67.19911,24.85372]}},{"type":"Feature","geometry":{"type":"Polygon","coordinates":[[[67.19403,24.84931],[67.19506,24.8478],[67.1971,24.84777],[67.19811,24.84925],[67.19708,24.85076],[67.19505,24.85079],[67.19403,24.84931]]]},"properties":{"h3":"8942e44e38bffff","rank":104,"priority":0.639,"hazard":0.58,"exposure":0.765,"vulnerability":0.588,"intensity":0.584,"reasons":["The ground here gets hotter on summer afternoons"],"stability":"confidently out","rank_low":96,"rank_high":150,"lst":43.4,"lst_p90":44.1,"people":530,"green":0.132,"built":0.729,"dist_health":774,"over60":24,"under5":58,"c":[67.19607,24.84928]}},{"type":"Feature","geometry":{"type":"Polygon","coordinates":[[[67.19708,24.85076],[67.19811,24.84925],[67.20015,24.84923],[67.20116,24.85071],[67.20013,24.85221],[67.19809,24.85224],[67.19708,24.85076]]]},"properties":{"h3":"8942e44e38fffff","rank":94,"priority":0.645,"hazard":0.534,"exposure":0.786,"vulnerability":0.64,"intensity":0.585,"reasons":["Little greenery or shade"],"stability":"confidently out","rank_low":86,"rank_high":120,"lst":43.2,"lst_p90":44.7,"people":630,"green":0.035,"built":0.571,"dist_health":787,"over60":28,"under5":69,"c":[67.19912,24.85073]}},{"type":"Feature","geometry":{"type":"Polygon","coordinates":[[[67.19096,24.85384],[67.19198,24.85233],[67.19402,24.8523],[67.19503,24.85378],[67.19401,24.85529],[67.19197,24.85532],[67.19096,24.85384]]]},"properties":{"h3":"8942e44e393ffff","rank":118,"priority":0.628,"hazard":0.654,"exposure":0.81,"vulnerability":0.466,"intensity":0.552,"reasons":["The ground here gets hotter on summer afternoons","More people live in this area"],"stability":"confidently out","rank_low":98,"rank_high":151,"lst":43.8,"lst_p90":45.2,"people":771,"green":0.173,"built":0.573,"dist_health":368,"over60":34,"under5":84,"c":[67.19299,24.85381]}},{"type":"Feature","geometry":{"type":"Polygon","coordinates":[[[67.19401,24.85529],[67.19503,24.85378],[67.19707,24.85375],[67.19808,24.85523],[67.19705,24.85674],[67.19502,24.85677],[67.19401,24.85529]]]},"properties":{"h3":"8942e44e397ffff","rank":150,"priority":0.6,"hazard":0.542,"exposure":0.818,"vulnerability":0.488,"intensity":0.514,"reasons":["Little greenery or shade","More people live in this area","The ground here gets hotter on summer afternoons"],"stability":"confidently out","rank_low":106,"rank_high":170,"lst":43.3,"lst_p90":43.9,"people":821,"green":0.04,"built":0.82,"dist_health":191,"over60":37,"under5":90,"c":[67.19604,24.85526]}},{"type":"Feature","geometry":{"type":"Polygon","coordinates":[[[67.19097,24.85085],[67.192,24.84934],[67.19403,24.84931],[67.19505,24.85079],[67.19402,24.8523],[67.19198,24.85233],[67.19097,24.85085]]]},"properties":{"h3":"8942e44e39bffff","rank":19,"priority":0.754,"hazard":0.924,"exposure":0.81,"vulnerability":0.571,"intensity":0.727,"reasons":["The ground here gets hotter on summer afternoons","More people live in this area"],"stability":"confidently in","rank_low":13,"rank_high":45,"lst":45.0,"lst_p90":46.0,"people":771,"green":0.169,"built":0.806,"dist_health":778,"over60":34,"under5":84,"c":[67.19301,24.85082]}},{"type":"Feature","geometry":{"type":"Polygon","coordinates":[[[67.20319,24.85068],[67.20422,24.84917],[67.20626,24.84914],[67.20727,24.85062],[67.20624,24.85213],[67.20421,24.85216],[67.20319,24.85068]]]},"properties":{"h3":"8942e44e3abffff","rank":142,"priority":0.606,"hazard":0.714,"exposure":0.75,"vulnerability":0.415,"intensity":0.545,"reasons":["The ground here gets hotter on summer afternoons"],"stability":"confidently out","rank_low":115,"rank_high":200,"lst":44.1,"lst_p90":44.5,"people":470,"green":0.187,"built":0.424,"dist_health":194,"over60":21,"under5":52,"c":[67.20512,24.85056]}},{"type":"Feature","geometry":{"type":"Polygon","coordinates":[[[67.20012,24.8552],[67.20114,24.85369],[67.20318,24.85367],[67.20419,24.85515],[67.20317,24.85665],[67.20113,24.85668],[67.20012,24.8552]]]},"properties":{"h3":"8942e44e3b3ffff","rank":129,"priority":0.618,"hazard":0.559,"exposure":0.696,"vulnerability":0.606,"intensity":0.582,"reasons":["Little greenery or shade","The ground here gets hotter on summer afternoons"],"stability":"confidently out","rank_low":109,"rank_high":164,"lst":43.3,"lst_p90":43.7,"people":300,"green":0.0,"built":0.955,"dist_health":587,"over60":13,"under5":33,"c":[67.20157,24.85468]}},{"type":"Feature","geometry":{"type":"Polygon","coordinates":[[[67.20013,24.85221],[67.20116,24.85071],[67.20319,24.85068],[67.20421,24.85216],[67.20318,24.85367],[67.20114,24.85369],[67.20013,24.85221]]]},"properties":{"h3":"8942e44e3bbffff","rank":96,"priority":0.645,"hazard":0.72,"exposure":0.786,"vulnerability":0.474,"intensity":0.584,"reasons":["The ground here gets hotter on summer afternoons"],"stability":"confidently out","rank_low":85,"rank_high":154,"lst":44.1,"lst_p90":45.8,"people":630,"green":0.157,"built":0.783,"dist_health":366,"over60":28,"under5":69,"c":[67.20217,24.85219]}},{"type":"Feature","geometry":{"type":"Polygon","coordinates":[[[67.191,24.84487],[67.19203,24.84336],[67.19406,24.84334],[67.19507,24.84482],[67.19405,24.84632],[67.19201,24.84635],[67.191,24.84487]]]},"properties":{"h3":"8942e44e3c3ffff","rank":134,"priority":0.615,"hazard":0.588,"exposure":0.873,"vulnerability":0.453,"intensity":0.516,"reasons":["More people live in this area","The ground here gets hotter on summer afternoons","Little greenery or shade"],"stability":"confidently out","rank_low":104,"rank_high":171,"lst":43.5,"lst_p90":44.6,"people":1290,"green":0.096,"built":0.717,"dist_health":25,"over60":73,"under5":125,"c":[67.19304,24.84484]}},{"type":"Feature","geometry":{"type":"Polygon","coordinates":[[[67.19405,24.84632],[67.19507,24.84482],[67.19711,24.84479],[67.19812,24.84627],[67.1971,24.84777],[67.19506,24.8478],[67.19405,24.84632]]]},"properties":{"h3":"8942e44e3c7ffff","rank":184,"priority":0.552,"hazard":0.383,"exposure":0.769,"vulnerability":0.571,"intensity":0.467,"reasons":["Little greenery or shade"],"stability":"confidently out","rank_low":172,"rank_high":200,"lst":42.5,"lst_p90":43.2,"people":550,"green":0.011,"built":0.943,"dist_health":463,"over60":25,"under5":60,"c":[67.19609,24.8463]}},{"type":"Feature","geometry":{"type":"Polygon","coordinates":[[[67.19101,24.84188],[67.19204,24.84038],[67.19408,24.84035],[67.19509,24.84183],[67.19406,24.84334],[67.19203,24.84336],[67.19101,24.84188]]]},"properties":{"h3":"8942e44e3cbffff","rank":71,"priority":0.687,"hazard":0.66,"exposure":1.0,"vulnerability":0.491,"intensity":0.569,"reasons":["More people live in this area","The ground here gets hotter on summer afternoons","Little greenery or shade"],"stability":"uncertain","rank_low":19,"rank_high":89,"lst":43.8,"lst_p90":44.8,"people":4939,"green":0.065,"built":0.749,"dist_health":250,"over60":306,"under5":449,"c":[67.19305,24.84186]}},{"type":"Feature","geometry":{"type":"Polygon","coordinates":[[[67.19406,24.84334],[67.19509,24.84183],[67.19712,24.8418],[67.19814,24.84328],[67.19711,24.84479],[67.19507,24.84482],[67.19406,24.84334]]]},"properties":{"h3":"8942e44e3cfffff","rank":154,"priority":0.595,"hazard":0.412,"exposure":0.923,"vulnerability":0.553,"intensity":0.477,"reasons":["More people live in this area","Little greenery or shade"],"stability":"confidently out","rank_low":105,"rank_high":169,"lst":42.7,"lst_p90":43.3,"people":1942,"green":0.011,"built":0.947,"dist_health":392,"over60":116,"under5":181,"c":[67.1961,24.84331]}},{"type":"Feature","geometry":{"type":"Polygon","coordinates":[[[67.18794,24.84641],[67.18896,24.8449],[67.191,24.84487],[67.19201,24.84635],[67.19099,24.84786],[67.18895,24.84789],[67.18794,24.84641]]]},"properties":{"h3":"8942e44e3d3ffff","rank":151,"priority":0.6,"hazard":0.505,"exposure":0.758,"vulnerability":0.564,"intensity":0.534,"reasons":["Little greenery or shade"],"stability":"confidently out","rank_low":140,"rank_high":169,"lst":43.1,"lst_p90":43.6,"people":500,"green":0.026,"built":0.832,"dist_health":466,"over60":22,"under5":55,"c":[67.18997,24.84638]}},{"type":"Feature","geometry":{"type":"Polygon","coordinates":[[[67.19099,24.84786],[67.19201,24.84635],[67.19405,24.84632],[67.19506,24.8478],[67.19403,24.84931],[67.192,24.84934],[67.19099,24.84786]]]},"properties":{"h3":"8942e44e3d7ffff","rank":147,"priority":0.604,"hazard":0.487,"exposure":0.795,"vulnerability":0.568,"intensity":0.526,"reasons":["Little greenery or shade","More people live in this area"],"stability":"confidently out","rank_low":118,"rank_high":154,"lst":43.0,"lst_p90":44.7,"people":681,"green":0.014,"built":0.927,"dist_health":455,"over60":30,"under5":75,"c":[67.19302,24.84783]}},{"type":"Feature","geometry":{"type":"Polygon","coordinates":[[[67.18795,24.84342],[67.18898,24.84191],[67.19101,24.84188],[67.19203,24.84336],[67.191,24.84487],[67.18896,24.8449],[67.18795,24.84342]]]},"properties":{"h3":"8942e44e3dbffff","rank":90,"priority":0.649,"hazard":0.59,"exposure":1.0,"vulnerability":0.464,"intensity":0.523,"reasons":["More people live in this area","The ground here gets hotter on summer afternoons","Little greenery or shade"],"stability":"confidently out","rank_low":46,"rank_high":128,"lst":43.5,"lst_p90":44.0,"people":3656,"green":0.075,"built":0.851,"dist_health":98,"over60":226,"under5":334,"c":[67.18999,24.84339]}},{"type":"Feature","geometry":{"type":"Polygon","coordinates":[[[67.15727,24.86774],[67.1583,24.86624],[67.16034,24.86621],[67.16135,24.86769],[67.16032,24.8692],[67.15829,24.86922],[67.15727,24.86774]]]},"properties":{"h3":"8942e44e403ffff","rank":234,"priority":0.271,"hazard":0.065,"exposure":0.806,"vulnerability":0.383,"intensity":0.157,"reasons":["Further from the nearest clinic or hospital","More people live in this area"],"stability":"confidently out","rank_low":213,"rank_high":234,"lst":41.0,"lst_p90":42.2,"people":744,"green":0.844,"built":0.149,"dist_health":1379,"over60":46,"under5":68,"c":[67.15933,24.86735]}},{"type":"Feature","geometry":{"type":"Polygon","coordinates":[[[67.16032,24.8692],[67.16135,24.86769],[67.16339,24.86766],[67.1644,24.86914],[67.16337,24.87065],[67.16133,24.87068],[67.16032,24.8692]]]},"properties":{"h3":"8942e44e407ffff","rank":245,"priority":0.0,"hazard":0.137,"exposure":0.0,"vulnerability":0.257,"intensity":null,"reasons":["Further from the nearest clinic or hospital"],"stability":"confidently out","rank_low":245,"rank_high":245,"lst":41.4,"lst_p90":42.1,"people":0,"green":1.0,"built":0.0,"dist_health":1189,"over60":0,"under5":0,"c":[67.16232,24.86816]}},{"type":"Feature","geometry":{"type":"Polygon","coordinates":[[[67.15729,24.86476],[67.15832,24.86325],[67.16035,24.86322],[67.16137,24.8647],[67.16034,24.86621],[67.1583,24.86624],[67.15729,24.86476]]]},"properties":{"h3":"8942e44e40bffff","rank":223,"priority":0.362,"hazard":0.084,"exposure":0.948,"vulnerability":0.594,"intensity":0.224,"reasons":["Further from the nearest clinic or hospital","More people live in this area"],"stability":"confidently out","rank_low":184,"rank_high":228,"lst":41.1,"lst_p90":43.5,"people":2378,"green":0.603,"built":0.357,"dist_health":1740,"over60":147,"under5":216,"c":[67.15933,24.86473]}},{"type":"Feature","geometry":{"type":"Polygon","coordinates":[[[67.16034,24.86621],[67.16137,24.8647],[67.1634,24.86467],[67.16441,24.86615],[67.16339,24.86766],[67.16135,24.86769],[67.16034,24.86621]]]},"properties":{"h3":"8942e44e40fffff","rank":183,"priority":0.554,"hazard":0.293,"exposure":1.0,"vulnerability":0.581,"intensity":0.413,"reasons":["Further from the nearest clinic or hospital","More people live in this area"],"stability":"confidently out","rank_low":124,"rank_high":200,"lst":42.1,"lst_p90":42.8,"people":4127,"green":0.496,"built":0.441,"dist_health":1473,"over60":256,"under5":375,"c":[67.16238,24.86618]}},{"type":"Feature","geometry":{"type":"Polygon","coordinates":[[[67.15421,24.86928],[67.15524,24.86777],[67.15727,24.86774],[67.15829,24.86922],[67.15726,24.87073],[67.15522,24.87076],[67.15421,24.86928]]]},"properties":{"h3":"8942e44e413ffff","rank":245,"priority":0.0,"hazard":0.01,"exposure":0.0,"vulnerability":0.353,"intensity":null,"reasons":["Further from the nearest clinic or hospital"],"stability":"confidently out","rank_low":245,"rank_high":245,"lst":40.5,"lst_p90":41.2,"people":0,"green":0.911,"built":0.0,"dist_health":1395,"over60":0,"under5":0,"c":[67.15586,24.86842]}},{"type":"Feature","geometry":{"type":"Polygon","coordinates":[[[67.15423,24.86629],[67.15525,24.86478],[67.15729,24.86476],[67.1583,24.86624],[67.15727,24.86774],[67.15524,24.86777],[67.15423,24.86629]]]},"properties":{"h3":"8942e44e41bffff","rank":180,"priority":0.557,"hazard":0.33,"exposure":0.908,"vulnerability":0.575,"intensity":0.436,"reasons":["Further from the nearest clinic or hospital","More people live in this area"],"stability":"confidently out","rank_low":130,"rank_high":196,"lst":42.3,"lst_p90":43.8,"people":1711,"green":0.616,"built":0.215,"dist_health":1690,"over60":106,"under5":156,"c":[67.15626,24.86626]}},{"type":"Feature","geometry":{"type":"Polygon","coordinates":[[[67.16645,24.86612],[67.16748,24.86462],[67.16951,24.86459],[67.17053,24.86607],[67.1695,24.86758],[67.16746,24.86761],[67.16645,24.86612]]]},"properties":{"h3":"8942e44e42bffff","rank":185,"priority":0.552,"hazard":0.494,"exposure":0.806,"vulnerability":0.422,"intensity":0.457,"reasons":["Further from the nearest clinic or hospital","More people live in this area"],"stability":"confidently out","rank_low":105,"rank_high":199,"lst":43.0,"lst_p90":45.4,"people":744,"green":0.91,"built":0.086,"dist_health":1666,"over60":46,"under5":68,"c":[67.16848,24.86609]}},{"type":"Feature","geometry":{"type":"Polygon","coordinates":[[[67.16339,24.86766],[67.16441,24.86615],[67.16645,24.86612],[67.16746,24.86761],[67.16644,24.86911],[67.1644,24.86914],[67.16339,24.86766]]]},"properties":{"h3":"8942e44e43bffff","rank":245,"priority":0.0,"hazard":0.542,"exposure":0.0,"vulnerability":0.299,"intensity":null,"reasons":["Further from the nearest clinic or hospital","The ground here gets hotter on summer afternoons"],"stability":"confidently out","rank_low":245,"rank_high":245,"lst":43.3,"lst_p90":45.1,"people":0,"green":1.0,"built":0.0,"dist_health":1354,"over60":0,"under5":0,"c":[67.1654,24.86732]}},{"type":"Feature","geometry":{"type":"Polygon","coordinates":[[[67.15426,24.86032],[67.15529,24.85881],[67.15732,24.85878],[67.15833,24.86026],[67.15731,24.86177],[67.15527,24.8618],[67.15426,24.86032]]]},"properties":{"h3":"8942e44e443ffff","rank":25,"priority":0.749,"hazard":0.656,"exposure":0.765,"vulnerability":0.839,"intensity":0.742,"reasons":["Further from the nearest clinic or hospital","The ground here gets hotter on summer afternoons"],"stability":"uncertain","rank_low":16,"rank_high":106,"lst":43.8,"lst_p90":45.3,"people":530,"green":0.323,"built":0.581,"dist_health":2471,"over60":24,"under5":58,"c":[67.1563,24.86029]}},{"type":"Feature","geometry":{"type":"Polygon","coordinates":[[[67.15731,24.86177],[67.15833,24.86026],[67.16037,24.86023],[67.16138,24.86171],[67.16035,24.86322],[67.15832,24.86325],[67.15731,24.86177]]]},"properties":{"h3":"8942e44e447ffff","rank":242,"priority":0.131,"hazard":0.01,"exposure":0.453,"vulnerability":0.5,"intensity":0.071,"reasons":["Further from the nearest clinic or hospital"],"stability":"confidently out","rank_low":242,"rank_high":244,"lst":39.7,"lst_p90":41.5,"people":40,"green":1.0,"built":0.0,"dist_health":2159,"over60":2,"under5":4,"c":[67.15934,24.86174]}},{"type":"Feature","geometry":{"type":"Polygon","coordinates":[[[67.15427,24.85733],[67.1553,24.85582],[67.15734,24.85579],[67.15835,24.85727],[67.15732,24.85878],[67.15529,24.85881],[67.15427,24.85733]]]},"properties":{"h3":"8942e44e44bffff","rank":26,"priority":0.747,"hazard":0.63,"exposure":0.772,"vulnerability":0.857,"intensity":0.735,"reasons":["Further from the nearest clinic or hospital","The ground here gets hotter on summer afternoons"],"stability":"uncertain","rank_low":17,"rank_high":93,"lst":43.7,"lst_p90":44.3,"people":560,"green":0.287,"built":0.629,"dist_health":2436,"over60":25,"under5":61,"c":[67.15631,24.8573]}},{"type":"Feature","geometry":{"type":"Polygon","coordinates":[[[67.15732,24.85878],[67.15835,24.85727],[67.16039,24.85724],[67.1614,24.85872],[67.16037,24.86023],[67.15833,24.86026],[67.15732,24.85878]]]},"properties":{"h3":"8942e44e44fffff","rank":199,"priority":0.534,"hazard":0.72,"exposure":0.419,"vulnerability":0.504,"intensity":0.603,"reasons":["Further from the nearest clinic or hospital","The ground here gets hotter on summer afternoons"],"stability":"confidently out","rank_low":146,"rank_high":217,"lst":44.1,"lst_p90":45.8,"people":30,"green":0.992,"built":0.002,"dist_health":2434,"over60":1,"under5":3,"c":[67.15936,24.85875]}},{"type":"Feature","geometry":{"type":"Polygon","coordinates":[[[67.15119,24.86185],[67.15222,24.86034],[67.15426,24.86032],[67.15527,24.8618],[67.15424,24.8633],[67.15221,24.86333],[67.15119,24.86185]]]},"properties":{"h3":"8942e44e453ffff","rank":18,"priority":0.755,"hazard":0.577,"exposure":0.788,"vulnerability":0.948,"intensity":0.739,"reasons":["Further from the nearest clinic or hospital","The ground here gets hotter on summer afternoons","Little greenery or shade"],"stability":"confidently in","rank_low":11,"rank_high":67,"lst":43.4,"lst_p90":44.2,"people":640,"green":0.107,"built":0.742,"dist_health":2189,"over60":29,"under5":70,"c":[67.15323,24.86182]}},{"type":"Feature","geometry":{"type":"Polygon","coordinates":[[[67.15424,24.8633],[67.15527,24.8618],[67.15731,24.86177],[67.15832,24.86325],[67.15729,24.86476],[67.15525,24.86478],[67.15424,24.8633]]]},"properties":{"h3":"8942e44e457ffff","rank":200,"priority":0.526,"hazard":0.314,"exposure":0.692,"vulnerability":0.67,"intensity":0.459,"reasons":["Further from the nearest clinic or hospital"],"stability":"confidently out","rank_low":178,"rank_high":218,"lst":42.2,"lst_p90":44.4,"people":290,"green":0.619,"built":0.306,"dist_health":2073,"over60":13,"under5":32,"c":[67.15628,24.86328]}},{"type":"Feature","geometry":{"type":"Polygon","coordinates":[[[67.15121,24.85886],[67.15224,24.85736],[67.15427,24.85733],[67.15529,24.85881],[67.15426,24.86032],[67.15222,24.86034],[67.15121,24.85886]]]},"properties":{"h3":"8942e44e45bffff","rank":52,"priority":0.709,"hazard":0.469,"exposure":0.772,"vulnerability":0.983,"intensity":0.679,"reasons":["Further from the nearest clinic or hospital","Little greenery or shade"],"stability":"uncertain","rank_low":26,"rank_high":134,"lst":42.9,"lst_p90":43.3,"people":560,"green":0.014,"built":0.945,"dist_health":2111,"over60":25,"under5":61,"c":[67.15325,24.85884]}},{"type":"Feature","geometry":{"type":"Polygon","coordinates":[[[67.16342,24.86168],[67.16444,24.86018],[67.16648,24.86015],[67.16749,24.86163],[67.16647,24.86314],[67.16443,24.86316],[67.16342,24.86168]]]},"properties":{"h3":"8942e44e463ffff","rank":207,"priority":0.496,"hazard":0.245,"exposure":0.695,"vulnerability":0.717,"intensity":0.419,"reasons":["Further from the nearest clinic or hospital"],"stability":"confidently out","rank_low":192,"rank_high":222,"lst":41.9,"lst_p90":43.3,"people":298,"green":0.565,"built":0.388,"dist_health":2154,"over60":14,"under5":31,"c":[67.16546,24.86166]}},{"type":"Feature","geometry":{"type":"Polygon","coordinates":[[[67.16647,24.86314],[67.16749,24.86163],[67.16953,24.8616],[67.17054,24.86308],[67.16951,24.86459],[67.16748,24.86462],[67.16647,24.86314]]]},"properties":{"h3":"8942e44e467ffff","rank":190,"priority":0.543,"hazard":0.3,"exposure":0.852,"vulnerability":0.625,"intensity":0.433,"reasons":["Further from the nearest clinic or hospital","More people live in this area"],"stability":"confidently out","rank_low":141,"rank_high":204,"lst":42.1,"lst_p90":44.8,"people":1082,"green":0.7,"built":0.29,"dist_health":2059,"over60":67,"under5":98,"c":[67.1685,24.86311]}},{"type":"Feature","geometry":{"type":"Polygon","coordinates":[[[67.16343,24.8587],[67.16446,24.85719],[67.1665,24.85716],[67.16751,24.85864],[67.16648,24.86015],[67.16444,24.86018],[67.16343,24.8587]]]},"properties":{"h3":"8942e44e46bffff","rank":245,"priority":0.0,"hazard":0.01,"exposure":0.0,"vulnerability":0.503,"intensity":null,"reasons":["Further from the nearest clinic or hospital"],"stability":"confidently out","rank_low":245,"rank_high":245,"lst":39.2,"lst_p90":40.2,"people":0,"green":0.994,"built":0.006,"dist_health":2241,"over60":0,"under5":0,"c":[67.16547,24.85867]}},{"type":"Feature","geometry":{"type":"Polygon","coordinates":[[[67.16648,24.86015],[67.16751,24.85864],[67.16955,24.85861],[67.17056,24.86009],[67.16953,24.8616],[67.16749,24.86163],[67.16648,24.86015]]]},"properties":{"h3":"8942e44e46fffff","rank":238,"priority":0.143,"hazard":0.01,"exposure":0.547,"vulnerability":0.534,"intensity":0.073,"reasons":["Further from the nearest clinic or hospital"],"stability":"confidently out","rank_low":238,"rank_high":242,"lst":39.4,"lst_p90":41.2,"people":88,"green":0.931,"built":0.067,"dist_health":2462,"over60":5,"under5":8,"c":[67.16852,24.86012]}},{"type":"Feature","geometry":{"type":"Polygon","coordinates":[[[67.16035,24.86322],[67.16138,24.86171],[67.16342,24.86168],[67.16443,24.86316],[67.1634,24.86467],[67.16137,24.8647],[67.16035,24.86322]]]},"properties":{"h3":"8942e44e473ffff","rank":196,"priority":0.537,"hazard":0.219,"exposure":0.918,"vulnerability":0.77,"intensity":0.411,"reasons":["Further from the nearest clinic or hospital","More people live in this area"],"stability":"confidently out","rank_low":141,"rank_high":213,"lst":41.8,"lst_p90":42.9,"people":1869,"green":0.335,"built":0.502,"dist_health":1903,"over60":109,"under5":177,"c":[67.16239,24.86319]}},{"type":"Feature","geometry":{"type":"Polygon","coordinates":[[[67.1634,24.86467],[67.16443,24.86316],[67.16647,24.86314],[67.16748,24.86462],[67.16645,24.86612],[67.16441,24.86615],[67.1634,24.86467]]]},"properties":{"h3":"8942e44e477ffff","rank":228,"priority":0.322,"hazard":0.075,"exposure":0.896,"vulnerability":0.494,"intensity":0.193,"reasons":["Further from the nearest clinic or hospital","More people live in this area"],"stability":"confidently out","rank_low":199,"rank_high":230,"lst":41.1,"lst_p90":42.2,"people":1556,"green":0.798,"built":0.145,"dist_health":1730,"over60":96,"under5":141,"c":[67.16544,24.86464]}},{"type":"Feature","geometry":{"type":"Polygon","coordinates":[[[67.16037,24.86023],[67.1614,24.85872],[67.16343,24.8587],[67.16444,24.86018],[67.16342,24.86168],[67.16138,24.86171],[67.16037,24.86023]]]},"properties":{"h3":"8942e44e47bffff","rank":155,"priority":0.594,"hazard":0.517,"exposure":0.634,"vulnerability":0.64,"intensity":0.575,"reasons":["Further from the nearest clinic or hospital"],"stability":"confidently out","rank_low":103,"rank_high":201,"lst":43.2,"lst_p90":44.7,"people":180,"green":0.72,"built":0.213,"dist_health":2334,"over60":8,"under5":20,"c":[67.16241,24.8602]}},{"type":"Feature","geometry":{"type":"Polygon","coordinates":[[[67.14811,24.86638],[67.14914,24.86487],[67.15118,24.86484],[67.15219,24.86632],[67.15116,24.86783],[67.14913,24.86786],[67.14811,24.86638]]]},"properties":{"h3":"8942e44e4c3ffff","rank":85,"priority":0.659,"hazard":0.768,"exposure":0.647,"vulnerability":0.577,"intensity":0.666,"reasons":["Further from the nearest clinic or hospital","The ground here gets hotter on summer afternoons"],"stability":"confidently out","rank_low":61,"rank_high":179,"lst":44.3,"lst_p90":45.4,"people":200,"green":0.647,"built":0.193,"dist_health":1760,"over60":9,"under5":22,"c":[67.15017,24.86635]}},{"type":"Feature","geometry":{"type":"Polygon","coordinates":[[[67.15116,24.86783],[67.15219,24.86632],[67.15423,24.86629],[67.15524,24.86777],[67.15421,24.86928],[67.15217,24.86931],[67.15116,24.86783]]]},"properties":{"h3":"8942e44e4c7ffff","rank":221,"priority":0.402,"hazard":0.216,"exposure":0.721,"vulnerability":0.416,"intensity":0.3,"reasons":["Further from the nearest clinic or hospital"],"stability":"confidently out","rank_low":218,"rank_high":225,"lst":41.7,"lst_p90":44.2,"people":368,"green":0.849,"built":0.081,"dist_health":1520,"over60":22,"under5":34,"c":[67.1532,24.8678]}},{"type":"Feature","geometry":{"type":"Polygon","coordinates":[[[67.14813,24.86339],[67.14916,24.86188],[67.15119,24.86185],[67.15221,24.86333],[67.15118,24.86484],[67.14914,24.86487],[67.14813,24.86339]]]},"properties":{"h3":"8942e44e4cbffff","rank":105,"priority":0.639,"hazard":0.564,"exposure":0.743,"vulnerability":0.622,"intensity":0.593,"reasons":["Further from the nearest clinic or hospital","The ground here gets hotter on summer afternoons"],"stability":"confidently out","rank_low":75,"rank_high":159,"lst":43.4,"lst_p90":43.9,"people":443,"green":0.627,"built":0.32,"dist_health":1899,"over60":23,"under5":45,"c":[67.15022,24.86336]}},{"type":"Feature","geometry":{"type":"Polygon","coordinates":[[[67.15118,24.86484],[67.15221,24.86333],[67.15424,24.8633],[67.15525,24.86478],[67.15423,24.86629],[67.15219,24.86632],[67.15118,24.86484]]]},"properties":{"h3":"8942e44e4cfffff","rank":176,"priority":0.561,"hazard":0.452,"exposure":0.663,"vulnerability":0.589,"intensity":0.516,"reasons":["Further from the nearest clinic or hospital"],"stability":"confidently out","rank_low":143,"rank_high":207,"lst":42.8,"lst_p90":44.6,"people":230,"green":0.714,"built":0.162,"dist_health":1942,"over60":10,"under5":25,"c":[67.15322,24.86481]}},{"type":"Feature","geometry":{"type":"Polygon","coordinates":[[[67.1481,24.86936],[67.14913,24.86786],[67.15116,24.86783],[67.15217,24.86931],[67.15115,24.87082],[67.14911,24.87084],[67.1481,24.86936]]]},"properties":{"h3":"8942e44e4d7ffff","rank":243,"priority":0.105,"hazard":0.01,"exposure":0.292,"vulnerability":0.401,"intensity":0.063,"reasons":["Further from the nearest clinic or hospital"],"stability":"confidently out","rank_low":241,"rank_high":244,"lst":39.9,"lst_p90":42.4,"people":10,"green":0.814,"built":0.0,"dist_health":1392,"over60":0,"under5":1,"c":[67.15009,24.86903]}},{"type":"Feature","geometry":{"type":"Polygon","coordinates":[[[67.15739,24.84683],[67.15841,24.84532],[67.16045,24.84529],[67.16146,24.84677],[67.16043,24.84828],[67.1584,24.84831],[67.15739,24.84683]]]},"properties":{"h3":"8942e44e603ffff","rank":16,"priority":0.762,"hazard":0.783,"exposure":0.8,"vulnerability":0.706,"intensity":0.743,"reasons":["The ground here gets hotter on summer afternoons","Further from the nearest clinic or hospital","Little greenery or shade"],"stability":"confidently in","rank_low":14,"rank_high":28,"lst":44.4,"lst_p90":45.3,"people":711,"green":0.042,"built":0.885,"dist_health":1064,"over60":32,"under5":78,"c":[67.15942,24.8468]}},{"type":"Feature","geometry":{"type":"Polygon","coordinates":[[[67.16043,24.84828],[67.16146,24.84677],[67.1635,24.84675],[67.16451,24.84823],[67.16348,24.84973],[67.16144,24.84976],[67.16043,24.84828]]]},"properties":{"h3":"8942e44e607ffff","rank":48,"priority":0.715,"hazard":0.674,"exposure":0.799,"vulnerability":0.681,"intensity":0.677,"reasons":["The ground here gets hotter on summer afternoons","Little greenery or shade","Further from the nearest clinic or hospital"],"stability":"confidently in","rank_low":20,"rank_high":52,"lst":43.9,"lst_p90":44.7,"people":701,"green":0.013,"built":0.853,"dist_health":904,"over60":31,"under5":77,"c":[67.16247,24.84825]}},{"type":"Feature","geometry":{"type":"Polygon","coordinates":[[[67.1574,24.84384],[67.15843,24.84233],[67.16046,24.84231],[67.16147,24.84379],[67.16045,24.84529],[67.15841,24.84532],[67.1574,24.84384]]]},"properties":{"h3":"8942e44e60bffff","rank":17,"priority":0.761,"hazard":0.887,"exposure":0.793,"vulnerability":0.626,"intensity":0.745,"reasons":["The ground here gets hotter on summer afternoons","Little greenery or shade","More people live in this area"],"stability":"confidently in","rank_low":12,"rank_high":39,"lst":44.9,"lst_p90":45.5,"people":668,"green":0.033,"built":0.91,"dist_health":727,"over60":31,"under5":72,"c":[67.15944,24.84381]}},{"type":"Feature","geometry":{"type":"Polygon","coordinates":[[[67.16045,24.84529],[67.16147,24.84379],[67.16351,24.84376],[67.16452,24.84524],[67.1635,24.84675],[67.16146,24.84677],[67.16045,24.84529]]]},"properties":{"h3":"8942e44e60fffff","rank":128,"priority":0.619,"hazard":0.958,"exposure":0.64,"vulnerability":0.386,"intensity":0.608,"reasons":["The ground here gets hotter on summer afternoons"],"stability":"confidently out","rank_low":88,"rank_high":202,"lst":45.2,"lst_p90":46.4,"people":190,"green":0.451,"built":0.364,"dist_health":604,"over60":8,"under5":21,"c":[67.16248,24.84527]}},{"type":"Feature","geometry":{"type":"Polygon","coordinates":[[[67.15432,24.84836],[67.15535,24.84686],[67.15739,24.84683],[67.1584,24.84831],[67.15737,24.84982],[67.15533,24.84984],[67.15432,24.84836]]]},"properties":{"h3":"8942e44e613ffff","rank":28,"priority":0.744,"hazard":0.696,"exposure":0.778,"vulnerability":0.76,"intensity":0.727,"reasons":["Further from the nearest clinic or hospital","The ground here gets hotter on summer afternoons","Little greenery or shade"],"stability":"confidently in","rank_low":25,"rank_high":63,"lst":44.0,"lst_p90":44.9,"people":590,"green":0.03,"built":0.817,"dist_health":1255,"over60":26,"under5":65,"c":[67.15636,24.84834]}},{"type":"Feature","geometry":{"type":"Polygon","coordinates":[[[67.15737,24.84982],[67.1584,24.84831],[67.16043,24.84828],[67.16144,24.84976],[67.16042,24.85127],[67.15838,24.8513],[67.15737,24.84982]]]},"properties":{"h3":"8942e44e617ffff","rank":33,"priority":0.737,"hazard":0.729,"exposure":0.78,"vulnerability":0.705,"intensity":0.717,"reasons":["Further from the nearest clinic or hospital","The ground here gets hotter on summer afternoons"],"stability":"uncertain","rank_low":31,"rank_high":83,"lst":44.1,"lst_p90":45.1,"people":600,"green":0.179,"built":0.725,"dist_health":1332,"over60":27,"under5":66,"c":[67.15941,24.84979]}},{"type":"Feature","geometry":{"type":"Polygon","coordinates":[[[67.15434,24.84538],[67.15536,24.84387],[67.1574,24.84384],[67.15841,24.84532],[67.15739,24.84683],[67.15535,24.84686],[67.15434,24.84538]]]},"properties":{"h3":"8942e44e61bffff","rank":43,"priority":0.719,"hazard":0.737,"exposure":0.772,"vulnerability":0.654,"intensity":0.694,"reasons":["The ground here gets hotter on summer afternoons","Little greenery or shade"],"stability":"uncertain","rank_low":36,"rank_high":79,"lst":44.2,"lst_p90":44.5,"people":560,"green":0.027,"built":0.897,"dist_health":824,"over60":25,"under5":61,"c":[67.15637,24.84535]}},{"type":"Feature","geometry":{"type":"Polygon","coordinates":[[[67.16654,24.8482],[67.16757,24.84669],[67.16961,24.84666],[67.17062,24.84814],[67.16959,24.84965],[67.16755,24.84968],[67.16654,24.8482]]]},"properties":{"h3":"8942e44e623ffff","rank":53,"priority":0.708,"hazard":0.703,"exposure":0.774,"vulnerability":0.652,"intensity":0.677,"reasons":["The ground here gets hotter on summer afternoons","Little greenery or shade"],"stability":"uncertain","rank_low":33,"rank_high":71,"lst":44.0,"lst_p90":44.6,"people":570,"green":0.008,"built":0.904,"dist_health":778,"over60":26,"under5":63,"c":[67.16858,24.84817]}},{"type":"Feature","geometry":{"type":"Polygon","coordinates":[[[67.16959,24.84965],[67.17062,24.84814],[67.17265,24.84811],[67.17366,24.84959],[67.17264,24.8511],[67.1706,24.85113],[67.16959,24.84965]]]},"properties":{"h3":"8942e44e627ffff","rank":9,"priority":0.787,"hazard":0.86,"exposure":0.786,"vulnerability":0.72,"intensity":0.787,"reasons":["The ground here gets hotter on summer afternoons","Further from the nearest clinic or hospital","Little greenery or shade"],"stability":"confidently in","rank_low":9,"rank_high":42,"lst":44.8,"lst_p90":45.8,"people":630,"green":0.06,"built":0.932,"dist_health":1156,"over60":28,"under5":69,"c":[67.17163,24.84962]}},{"type":"Feature","geometry":{"type":"Polygon","coordinates":[[[67.16656,24.84521],[67.16758,24.8437],[67.16962,24.84367],[67.17063,24.84515],[67.16961,24.84666],[67.16757,24.84669],[67.16656,24.84521]]]},"properties":{"h3":"8942e44e62bffff","rank":143,"priority":0.605,"hazard":0.486,"exposure":0.832,"vulnerability":0.547,"intensity":0.516,"reasons":["Little greenery or shade","More people live in this area"],"stability":"confidently out","rank_low":108,"rank_high":154,"lst":43.0,"lst_p90":43.6,"people":921,"green":0.031,"built":0.914,"dist_health":408,"over60":46,"under5":96,"c":[67.1686,24.84518]}},{"type":"Feature","geometry":{"type":"Polygon","coordinates":[[[67.16961,24.84666],[67.17063,24.84515],[67.17267,24.84513],[67.17368,24.84661],[67.17265,24.84811],[67.17062,24.84814],[67.16961,24.84666]]]},"properties":{"h3":"8942e44e62fffff","rank":39,"priority":0.723,"hazard":0.69,"exposure":0.817,"vulnerability":0.671,"intensity":0.681,"reasons":["The ground here gets hotter on summer afternoons","Little greenery or shade","More people live in this area"],"stability":"confidently in","rank_low":8,"rank_high":47,"lst":44.0,"lst_p90":44.3,"people":811,"green":0.004,"built":0.891,"dist_health":849,"over60":36,"under5":89,"c":[67.17164,24.84663]}},{"type":"Feature","geometry":{"type":"Polygon","coordinates":[[[67.16348,24.84973],[67.16451,24.84823],[67.16654,24.8482],[67.16755,24.84968],[67.16653,24.85119],[67.16449,24.85121],[67.16348,24.84973]]]},"properties":{"h3":"8942e44e633ffff","rank":69,"priority":0.69,"hazard":0.612,"exposure":0.782,"vulnerability":0.686,"intensity":0.648,"reasons":["Little greenery or shade","The ground here gets hotter on summer afternoons","Further from the nearest clinic or hospital"],"stability":"confidently out","rank_low":50,"rank_high":85,"lst":43.6,"lst_p90":44.5,"people":610,"green":0.028,"built":0.818,"dist_health":954,"over60":27,"under5":67,"c":[67.16552,24.84971]}},{"type":"Feature","geometry":{"type":"Polygon","coordinates":[[[67.16653,24.85119],[67.16755,24.84968],[67.16959,24.84965],[67.1706,24.85113],[67.16958,24.85264],[67.16754,24.85266],[67.16653,24.85119]]]},"properties":{"h3":"8942e44e637ffff","rank":45,"priority":0.718,"hazard":0.656,"exposure":0.765,"vulnerability":0.738,"intensity":0.696,"reasons":["Further from the nearest clinic or hospital","The ground here gets hotter on summer afternoons","Little greenery or shade"],"stability":"uncertain","rank_low":41,"rank_high":106,"lst":43.8,"lst_p90":45.0,"people":530,"green":0.041,"built":0.951,"dist_health":1189,"over60":24,"under5":58,"c":[67.16856,24.85116]}},{"type":"Feature","geometry":{"type":"Polygon","coordinates":[[[67.1635,24.84675],[67.16452,24.84524],[67.16656,24.84521],[67.16757,24.84669],[67.16654,24.8482],[67.16451,24.84823],[67.1635,24.84675]]]},"properties":{"h3":"8942e44e63bffff","rank":81,"priority":0.667,"hazard":0.668,"exposure":0.782,"vulnerability":0.567,"intensity":0.615,"reasons":["The ground here gets hotter on summer afternoons","Little greenery or shade"],"stability":"confidently out","rank_low":76,"rank_high":117,"lst":43.9,"lst_p90":45.0,"people":610,"green":0.053,"built":0.85,"dist_health":530,"over60":27,"under5":67,"c":[67.16553,24.84672]}},{"type":"Feature","geometry":{"type":"Polygon","coordinates":[[[67.15437,24.8394],[67.1554,24.8379],[67.15743,24.83787],[67.15844,24.83935],[67.15742,24.84085],[67.15538,24.84088],[67.15437,24.8394]]]},"properties":{"h3":"8942e44e643ffff","rank":66,"priority":0.691,"hazard":0.704,"exposure":0.944,"vulnerability":0.497,"intensity":0.592,"reasons":["The ground here gets hotter on summer afternoons","More people live in this area","Little greenery or shade"],"stability":"uncertain","rank_low":12,"rank_high":87,"lst":44.0,"lst_p90":44.6,"people":2300,"green":0.008,"built":0.918,"dist_health":37,"over60":143,"under5":209,"c":[67.15641,24.83937]}},{"type":"Feature","geometry":{"type":"Polygon","coordinates":[[[67.15742,24.84085],[67.15844,24.83935],[67.16048,24.83932],[67.16149,24.8408],[67.16046,24.84231],[67.15843,24.84233],[67.15742,24.84085]]]},"properties":{"h3":"8942e44e647ffff","rank":40,"priority":0.723,"hazard":0.671,"exposure":0.986,"vulnerability":0.57,"intensity":0.619,"reasons":["More people live in this area","The ground here gets hotter on summer afternoons","Little greenery or shade"],"stability":"confidently in","rank_low":2,"rank_high":58,"lst":43.9,"lst_p90":44.6,"people":3247,"green":0.003,"built":0.965,"dist_health":444,"over60":201,"under5":295,"c":[67.15945,24.84083]}},{"type":"Feature","geometry":{"type":"Polygon","coordinates":[[[67.15439,24.83642],[67.15541,24.83491],[67.15745,24.83488],[67.15846,24.83636],[67.15743,24.83787],[67.1554,24.8379],[67.15439,24.83642]]]},"properties":{"h3":"8942e44e64bffff","rank":107,"priority":0.637,"hazard":0.772,"exposure":0.866,"vulnerability":0.387,"intensity":0.546,"reasons":["The ground here gets hotter on summer afternoons","More people live in this area"],"stability":"confidently out","rank_low":68,"rank_high":158,"lst":44.3,"lst_p90":45.0,"people":1218,"green":0.32,"built":0.527,"dist_health":346,"over60":76,"under5":111,"c":[67.1563,24.83722]}},{"type":"Feature","geometry":{"type":"Polygon","coordinates":[[[67.15743,24.83787],[67.15846,24.83636],[67.1605,24.83633],[67.16151,24.83781],[67.16048,24.83932],[67.15844,24.83935],[67.15743,24.83787]]]},"properties":{"h3":"8942e44e64fffff","rank":46,"priority":0.717,"hazard":0.679,"exposure":0.988,"vulnerability":0.55,"intensity":0.611,"reasons":["More people live in this area","The ground here gets hotter on summer afternoons","Little greenery or shade"],"stability":"confidently in","rank_low":9,"rank_high":62,"lst":43.9,"lst_p90":44.9,"people":3315,"green":0.049,"built":0.804,"dist_health":455,"over60":206,"under5":301,"c":[67.15941,24.83815]}},{"type":"Feature","geometry":{"type":"Polygon","coordinates":[[[67.15131,24.84094],[67.15233,24.83943],[67.15437,24.8394],[67.15538,24.84088],[67.15435,24.84239],[67.15232,24.84242],[67.15131,24.84094]]]},"properties":{"h3":"8942e44e653ffff","rank":54,"priority":0.707,"hazard":0.776,"exposure":0.849,"vulnerability":0.537,"intensity":0.646,"reasons":["The ground here gets hotter on summer afternoons","Little greenery or shade","More people live in this area"],"stability":"uncertain","rank_low":16,"rank_high":71,"lst":44.4,"lst_p90":45.1,"people":1055,"green":0.015,"built":0.959,"dist_health":335,"over60":65,"under5":97,"c":[67.15435,24.84107]}},{"type":"Feature","geometry":{"type":"Polygon","coordinates":[[[67.15435,24.84239],[67.15538,24.84088],[67.15742,24.84085],[67.15843,24.84233],[67.1574,24.84384],[67.15536,24.84387],[67.15435,24.84239]]]},"properties":{"h3":"8942e44e657ffff","rank":32,"priority":0.739,"hazard":0.845,"exposure":0.854,"vulnerability":0.558,"intensity":0.687,"reasons":["The ground here gets hotter on summer afternoons","Little greenery or shade","More people live in this area"],"stability":"confidently in","rank_low":4,"rank_high":50,"lst":44.7,"lst_p90":45.3,"people":1107,"green":0.002,"built":0.926,"dist_health":394,"over60":61,"under5":109,"c":[67.15639,24.84236]}},{"type":"Feature","geometry":{"type":"Polygon","coordinates":[[[67.16353,24.84077],[67.16455,24.83926],[67.16659,24.83924],[67.1676,24.84071],[67.16657,24.84222],[67.16454,24.84225],[67.16353,24.84077]]]},"properties":{"h3":"8942e44e663ffff","rank":123,"priority":0.624,"hazard":0.509,"exposure":0.969,"vulnerability":0.492,"intensity":0.501,"reasons":["More people live in this area","Little greenery or shade"],"stability":"confidently out","rank_low":63,"rank_high":147,"lst":43.1,"lst_p90":43.6,"people":2841,"green":0.018,"built":0.976,"dist_health":58,"over60":176,"under5":258,"c":[67.16556,24.84074]}},{"type":"Feature","geometry":{"type":"Polygon","coordinates":[[[67.16657,24.84222],[67.1676,24.84071],[67.16964,24.84069],[67.17065,24.84217],[67.16962,24.84367],[67.16758,24.8437],[67.16657,24.84222]]]},"properties":{"h3":"8942e44e667ffff","rank":92,"priority":0.646,"hazard":0.524,"exposure":0.969,"vulnerability":0.531,"intensity":0.528,"reasons":["More people live in this area","Little greenery or shade"],"stability":"confidently out","rank_low":42,"rank_high":116,"lst":43.2,"lst_p90":44.0,"people":2841,"green":0.018,"built":0.881,"dist_health":315,"over60":176,"under5":258,"c":[67.16861,24.84219]}},{"type":"Feature","geometry":{"type":"Polygon","coordinates":[[[67.16354,24.83778],[67.16457,24.83628],[67.1666,24.83625],[67.16762,24.83773],[67.16659,24.83924],[67.16455,24.83926],[67.16354,24.83778]]]},"properties":{"h3":"8942e44e66bffff","rank":113,"priority":0.632,"hazard":0.44,"exposure":1.0,"vulnerability":0.572,"intensity":0.502,"reasons":["More people live in this area","Little greenery or shade"],"stability":"confidently out","rank_low":37,"rank_high":138,"lst":42.8,"lst_p90":43.4,"people":3721,"green":0.003,"built":0.976,"dist_health":451,"over60":231,"under5":338,"c":[67.16558,24.83776]}},{"type":"Feature","geometry":{"type":"Polygon","coordinates":[[[67.16659,24.83924],[67.16762,24.83773],[67.16965,24.8377],[67.17066,24.83918],[67.16964,24.84069],[67.1676,24.84071],[67.16659,24.83924]]]},"properties":{"h3":"8942e44e66fffff","rank":122,"priority":0.625,"hazard":0.453,"exposure":0.966,"vulnerability":0.557,"intensity":0.503,"reasons":["More people live in this area","Little greenery or shade"],"stability":"confidently out","rank_low":91,"rank_high":142,"lst":42.9,"lst_p90":43.5,"people":2774,"green":0.066,"built":0.904,"dist_health":516,"over60":172,"under5":252,"c":[67.16863,24.83921]}},{"type":"Feature","geometry":{"type":"Polygon","coordinates":[[[67.16046,24.84231],[67.16149,24.8408],[67.16353,24.84077],[67.16454,24.84225],[67.16351,24.84376],[67.16147,24.84379],[67.16046,24.84231]]]},"properties":{"h3":"8942e44e673ffff","rank":64,"priority":0.692,"hazard":0.72,"exposure":0.974,"vulnerability":0.472,"intensity":0.583,"reasons":["More people live in this area","The ground here gets hotter on summer afternoons"],"stability":"uncertain","rank_low":31,"rank_high":89,"lst":44.1,"lst_p90":45.5,"people":2959,"green":0.178,"built":0.691,"dist_health":402,"over60":183,"under5":270,"c":[67.1625,24.84228]}},{"type":"Feature","geometry":{"type":"Polygon","coordinates":[[[67.16351,24.84376],[67.16454,24.84225],[67.16657,24.84222],[67.16758,24.8437],[67.16656,24.84521],[67.16452,24.84524],[67.16351,24.84376]]]},"properties":{"h3":"8942e44e677ffff","rank":141,"priority":0.61,"hazard":0.513,"exposure":0.932,"vulnerability":0.474,"intensity":0.493,"reasons":["More people live in this area","Little greenery or shade"],"stability":"confidently out","rank_low":102,"rank_high":165,"lst":43.1,"lst_p90":43.6,"people":2089,"green":0.054,"built":0.876,"dist_health":146,"over60":124,"under5":196,"c":[67.16555,24.84373]}},{"type":"Feature","geometry":{"type":"Polygon","coordinates":[[[67.16048,24.83932],[67.16151,24.83781],[67.16354,24.83778],[67.16455,24.83926],[67.16353,24.84077],[67.16149,24.8408],[67.16048,24.83932]]]},"properties":{"h3":"8942e44e67bffff","rank":57,"priority":0.704,"hazard":0.679,"exposure":0.936,"vulnerability":0.549,"intensity":0.61,"reasons":["More people live in this area","The ground here gets hotter on summer afternoons","Little greenery or shade"],"stability":"uncertain","rank_low":19,"rank_high":71,"lst":43.9,"lst_p90":44.9,"people":2165,"green":0.03,"built":0.705,"dist_health":413,"over60":134,"under5":197,"c":[67.16252,24.83929]}},{"type":"Feature","geometry":{"type":"Polygon","coordinates":[[[67.15124,24.85289],[67.15227,24.85138],[67.15431,24.85135],[67.15532,24.85283],[67.15429,24.85434],[67.15225,24.85437],[67.15124,24.85289]]]},"properties":{"h3":"8942e44e683ffff","rank":38,"priority":0.726,"hazard":1.0,"exposure":0.501,"vulnerability":0.764,"intensity":0.874,"reasons":["Further from the nearest clinic or hospital","The ground here gets hotter on summer afternoons"],"stability":"uncertain","rank_low":17,"rank_high":199,"lst":45.4,"lst_p90":46.1,"people":60,"green":0.369,"built":0.075,"dist_health":1948,"over60":3,"under5":7,"c":[67.15328,24.85286]}},{"type":"Feature","geometry":{"type":"Polygon","coordinates":[[[67.15429,24.85434],[67.15532,24.85283],[67.15735,24.8528],[67.15836,24.85428],[67.15734,24.85579],[67.1553,24.85582],[67.15429,24.85434]]]},"properties":{"h3":"8942e44e687ffff","rank":13,"priority":0.777,"hazard":0.924,"exposure":0.658,"vulnerability":0.771,"intensity":0.844,"reasons":["Further from the nearest clinic or hospital","The ground here gets hotter on summer afternoons"],"stability":"uncertain","rank_low":9,"rank_high":156,"lst":45.0,"lst_p90":45.9,"people":220,"green":0.425,"built":0.33,"dist_health":2088,"over60":10,"under5":24,"c":[67.15633,24.85431]}},{"type":"Feature","geometry":{"type":"Polygon","coordinates":[[[67.15126,24.8499],[67.15229,24.84839],[67.15432,24.84836],[67.15533,24.84984],[67.15431,24.85135],[67.15227,24.85138],[67.15126,24.8499]]]},"properties":{"h3":"8942e44e68bffff","rank":35,"priority":0.734,"hazard":0.866,"exposure":0.603,"vulnerability":0.758,"intensity":0.81,"reasons":["Further from the nearest clinic or hospital","The ground here gets hotter on summer afternoons"],"stability":"uncertain","rank_low":23,"rank_high":182,"lst":44.8,"lst_p90":46.8,"people":140,"green":0.171,"built":0.206,"dist_health":1529,"over60":6,"under5":15,"c":[67.15331,24.84987]}},{"type":"Feature","geometry":{"type":"Polygon","coordinates":[[[67.15431,24.85135],[67.15533,24.84984],[67.15737,24.84982],[67.15838,24.8513],[67.15735,24.8528],[67.15532,24.85283],[67.15431,24.85135]]]},"properties":{"h3":"8942e44e68fffff","rank":7,"priority":0.796,"hazard":0.882,"exposure":0.714,"vulnerability":0.799,"intensity":0.84,"reasons":["Further from the nearest clinic or hospital","The ground here gets hotter on summer afternoons"],"stability":"uncertain","rank_low":7,"rank_high":124,"lst":44.9,"lst_p90":45.4,"people":350,"green":0.166,"built":0.106,"dist_health":1685,"over60":16,"under5":38,"c":[67.15634,24.85132]}},{"type":"Feature","geometry":{"type":"Polygon","coordinates":[[[67.14818,24.85442],[67.14921,24.85292],[67.15124,24.85289],[67.15225,24.85437],[67.15123,24.85588],[67.14919,24.8559],[67.14818,24.85442]]]},"properties":{"h3":"8942e44e693ffff","rank":245,"priority":0.0,"hazard":0.376,"exposure":0.0,"vulnerability":0.427,"intensity":null,"reasons":["Further from the nearest clinic or hospital"],"stability":"confidently out","rank_low":245,"rank_high":245,"lst":42.5,"lst_p90":43.6,"people":0,"green":1.0,"built":0.0,"dist_health":1866,"over60":0,"under5":0,"c":[67.15104,24.85452]}},{"type":"Feature","geometry":{"type":"Polygon","coordinates":[[[67.15123,24.85588],[67.15225,24.85437],[67.15429,24.85434],[67.1553,24.85582],[67.15427,24.85733],[67.15224,24.85736],[67.15123,24.85588]]]},"properties":{"h3":"8942e44e697ffff","rank":37,"priority":0.727,"hazard":0.578,"exposure":0.745,"vulnerability":0.893,"intensity":0.718,"reasons":["Further from the nearest clinic or hospital","The ground here gets hotter on summer afternoons"],"stability":"uncertain","rank_low":24,"rank_high":138,"lst":43.4,"lst_p90":43.9,"people":450,"green":0.196,"built":0.719,"dist_health":2120,"over60":20,"under5":49,"c":[67.15326,24.85585]}},{"type":"Feature","geometry":{"type":"Polygon","coordinates":[[[67.1604,24.85426],[67.16143,24.85275],[67.16346,24.85272],[67.16448,24.8542],[67.16345,24.85571],[67.16141,24.85574],[67.1604,24.85426]]]},"properties":{"h3":"8942e44e6a3ffff","rank":109,"priority":0.636,"hazard":0.763,"exposure":0.692,"vulnerability":0.486,"intensity":0.609,"reasons":["Further from the nearest clinic or hospital","The ground here gets hotter on summer afternoons"],"stability":"confidently out","rank_low":75,"rank_high":172,"lst":44.3,"lst_p90":45.6,"people":290,"green":0.789,"built":0.117,"dist_health":1682,"over60":13,"under5":32,"c":[67.16244,24.85423]}},{"type":"Feature","geometry":{"type":"Polygon","coordinates":[[[67.16345,24.85571],[67.16448,24.8542],[67.16651,24.85417],[67.16752,24.85565],[67.1665,24.85716],[67.16446,24.85719],[67.16345,24.85571]]]},"properties":{"h3":"8942e44e6a7ffff","rank":245,"priority":0.0,"hazard":0.264,"exposure":0.0,"vulnerability":0.415,"intensity":null,"reasons":["Further from the nearest clinic or hospital"],"stability":"confidently out","rank_low":245,"rank_high":245,"lst":42.0,"lst_p90":43.1,"people":0,"green":0.997,"built":0.002,"dist_health":1812,"over60":0,"under5":0,"c":[67.16549,24.85568]}},{"type":"Feature","geometry":{"type":"Polygon","coordinates":[[[67.16042,24.85127],[67.16144,24.84976],[67.16348,24.84973],[67.16449,24.85121],[67.16346,24.85272],[67.16143,24.85275],[67.16042,24.85127]]]},"properties":{"h3":"8942e44e6abffff","rank":21,"priority":0.753,"hazard":0.861,"exposure":0.758,"vulnerability":0.655,"intensity":0.751,"reasons":["The ground here gets hotter on summer afternoons","Further from the nearest clinic or hospital"],"stability":"uncertain","rank_low":18,"rank_high":112,"lst":44.8,"lst_p90":47.0,"people":500,"green":0.251,"built":0.316,"dist_health":1280,"over60":22,"under5":55,"c":[67.16245,24.85124]}},{"type":"Feature","geometry":{"type":"Polygon","coordinates":[[[67.16346,24.85272],[67.16449,24.85121],[67.16653,24.85119],[67.16754,24.85266],[67.16651,24.85417],[67.16448,24.8542],[67.16346,24.85272]]]},"properties":{"h3":"8942e44e6afffff","rank":157,"priority":0.592,"hazard":0.629,"exposure":0.687,"vulnerability":0.479,"intensity":0.549,"reasons":["Further from the nearest clinic or hospital","The ground here gets hotter on summer afternoons"],"stability":"confidently out","rank_low":117,"rank_high":186,"lst":43.7,"lst_p90":44.7,"people":280,"green":0.654,"built":0.23,"dist_health":1382,"over60":13,"under5":31,"c":[67.1655,24.85269]}},{"type":"Feature","geometry":{"type":"Polygon","coordinates":[[[67.15734,24.85579],[67.15836,24.85428],[67.1604,24.85426],[67.16141,24.85574],[67.16039,24.85724],[67.15835,24.85727],[67.15734,24.85579]]]},"properties":{"h3":"8942e44e6b3ffff","rank":171,"priority":0.57,"hazard":0.499,"exposure":0.683,"vulnerability":0.545,"intensity":0.521,"reasons":["Further from the nearest clinic or hospital"],"stability":"confidently out","rank_low":126,"rank_high":197,"lst":43.1,"lst_p90":45.1,"people":270,"green":0.853,"built":0.103,"dist_health":2043,"over60":12,"under5":30,"c":[67.15937,24.85576]}},{"type":"Feature","geometry":{"type":"Polygon","coordinates":[[[67.16039,24.85724],[67.16141,24.85574],[67.16345,24.85571],[67.16446,24.85719],[67.16343,24.8587],[67.1614,24.85872],[67.16039,24.85724]]]},"properties":{"h3":"8942e44e6b7ffff","rank":241,"priority":0.133,"hazard":0.01,"exposure":0.479,"vulnerability":0.493,"intensity":0.07,"reasons":["Further from the nearest clinic or hospital"],"stability":"confidently out","rank_low":239,"rank_high":241,"lst":40.7,"lst_p90":42.4,"people":50,"green":0.983,"built":0.002,"dist_health":2096,"over60":2,"under5":5,"c":[67.16242,24.85722]}},{"type":"Feature","geometry":{"type":"Polygon","coordinates":[[[67.15735,24.8528],[67.15838,24.8513],[67.16042,24.85127],[67.16143,24.85275],[67.1604,24.85426],[67.15836,24.85428],[67.15735,24.8528]]]},"properties":{"h3":"8942e44e6bbffff","rank":11,"priority":0.785,"hazard":0.968,"exposure":0.776,"vulnerability":0.644,"intensity":0.79,"reasons":["The ground here gets hotter on summer afternoons","Further from the nearest clinic or hospital"],"stability":"confidently in","rank_low":6,"rank_high":70,"lst":45.3,"lst_p90":46.4,"people":580,"green":0.468,"built":0.315,"dist_health":1670,"over60":26,"under5":64,"c":[67.15939,24.85278]}},{"type":"Feature","geometry":{"type":"Polygon","coordinates":[[[67.15127,24.84691],[67.1523,24.8454],[67.15434,24.84538],[67.15535,24.84686],[67.15432,24.84836],[67.15229,24.84839],[67.15127,24.84691]]]},"properties":{"h3":"8942e44e6c7ffff","rank":10,"priority":0.786,"hazard":0.829,"exposure":0.804,"vulnerability":0.73,"intensity":0.778,"reasons":["The ground here gets hotter on summer afternoons","Further from the nearest clinic or hospital","Little greenery or shade"],"stability":"confidently in","rank_low":5,"rank_high":16,"lst":44.6,"lst_p90":45.6,"people":731,"green":0.019,"built":0.86,"dist_health":1115,"over60":33,"under5":80,"c":[67.15357,24.84694]}},{"type":"Feature","geometry":{"type":"Polygon","coordinates":[[[67.15129,24.84393],[67.15232,24.84242],[67.15435,24.84239],[67.15536,24.84387],[67.15434,24.84538],[67.1523,24.8454],[67.15129,24.84393]]]},"properties":{"h3":"8942e44e6cfffff","rank":42,"priority":0.72,"hazard":0.851,"exposure":0.692,"vulnerability":0.634,"intensity":0.734,"reasons":["The ground here gets hotter on summer afternoons","Little greenery or shade"],"stability":"uncertain","rank_low":29,"rank_high":139,"lst":44.7,"lst_p90":45.0,"people":290,"green":0.006,"built":0.872,"dist_health":704,"over60":13,"under5":32,"c":[67.15395,24.84399]}},{"type":"Feature","geometry":{"type":"Polygon","coordinates":[[[67.18197,24.81662],[67.183,24.81512],[67.18503,24.81509],[67.18605,24.81657],[67.18502,24.81807],[67.18298,24.8181],[67.18197,24.81662]]]},"properties":{"h3":"8942e44f107ffff","rank":29,"priority":0.743,"hazard":0.481,"exposure":0.992,"vulnerability":0.86,"intensity":0.643,"reasons":["Further from the nearest clinic or hospital","More people live in this area","Little greenery or shade"],"stability":"confidently in","rank_low":2,"rank_high":60,"lst":43.0,"lst_p90":43.3,"people":3410,"green":0.0,"built":0.905,"dist_health":1599,"over60":207,"under5":314,"c":[67.18417,24.8167]}},{"type":"Feature","geometry":{"type":"Polygon","coordinates":[[[67.17891,24.81816],[67.17994,24.81665],[67.18197,24.81662],[67.18298,24.8181],[67.18196,24.81961],[67.17992,24.81964],[67.17891,24.81816]]]},"properties":{"h3":"8942e44f117ffff","rank":99,"priority":0.642,"hazard":0.533,"exposure":0.873,"vulnerability":0.57,"intensity":0.551,"reasons":["Further from the nearest clinic or hospital","More people live in this area"],"stability":"confidently out","rank_low":64,"rank_high":123,"lst":43.2,"lst_p90":44.4,"people":1285,"green":0.363,"built":0.601,"dist_health":1164,"over60":80,"under5":117,"c":[67.1815,24.81862]}},{"type":"Feature","geometry":{"type":"Polygon","coordinates":[[[67.18808,24.81654],[67.18911,24.81503],[67.19114,24.815],[67.19215,24.81648],[67.19113,24.81799],[67.18909,24.81802],[67.18808,24.81654]]]},"properties":{"h3":"8942e44f123ffff","rank":61,"priority":0.699,"hazard":0.504,"exposure":0.696,"vulnerability":0.972,"intensity":0.7,"reasons":["Further from the nearest clinic or hospital","Little greenery or shade"],"stability":"confidently out","rank_low":35,"rank_high":167,"lst":43.1,"lst_p90":43.4,"people":300,"green":0.036,"built":0.913,"dist_health":2114,"over60":13,"under5":33,"c":[67.18969,24.8171]}},{"type":"Feature","geometry":{"type":"Polygon","coordinates":[[[67.19113,24.81799],[67.19215,24.81648],[67.19419,24.81645],[67.1952,24.81793],[67.19418,24.81944],[67.19214,24.81947],[67.19113,24.81799]]]},"properties":{"h3":"8942e44f127ffff","rank":8,"priority":0.795,"hazard":0.808,"exposure":0.64,"vulnerability":0.971,"intensity":0.886,"reasons":["Further from the nearest clinic or hospital","The ground here gets hotter on summer afternoons","Little greenery or shade"],"stability":"uncertain","rank_low":5,"rank_high":154,"lst":44.5,"lst_p90":45.8,"people":190,"green":0.06,"built":0.493,"dist_health":2335,"over60":8,"under5":21,"c":[67.19245,24.81854]}},{"type":"Feature","geometry":{"type":"Polygon","coordinates":[[[67.18502,24.81807],[67.18605,24.81657],[67.18808,24.81654],[67.18909,24.81802],[67.18807,24.81953],[67.18603,24.81955],[67.18502,24.81807]]]},"properties":{"h3":"8942e44f133ffff","rank":20,"priority":0.754,"hazard":0.503,"exposure":0.946,"vulnerability":0.898,"intensity":0.672,"reasons":["Further from the nearest clinic or hospital","More people live in this area","Little greenery or shade"],"stability":"confidently in","rank_low":4,"rank_high":48,"lst":43.1,"lst_p90":43.5,"people":2352,"green":0.0,"built":0.973,"dist_health":1751,"over60":139,"under5":221,"c":[67.18706,24.81805]}},{"type":"Feature","geometry":{"type":"Polygon","coordinates":[[[67.18807,24.81953],[67.18909,24.81802],[67.19113,24.81799],[67.19214,24.81947],[67.19111,24.82098],[67.18908,24.821],[67.18807,24.81953]]]},"properties":{"h3":"8942e44f137ffff","rank":14,"priority":0.775,"hazard":0.721,"exposure":0.745,"vulnerability":0.868,"intensity":0.791,"reasons":["Further from the nearest clinic or hospital","The ground here gets hotter on summer afternoons"],"stability":"uncertain","rank_low":10,"rank_high":117,"lst":44.1,"lst_p90":45.5,"people":450,"green":0.185,"built":0.748,"dist_health":1997,"over60":20,"under5":49,"c":[67.1901,24.8195]}},{"type":"Feature","geometry":{"type":"Polygon","coordinates":[[[67.17279,24.82123],[67.17381,24.81972],[67.17585,24.81969],[67.17686,24.82117],[67.17584,24.82268],[67.1738,24.82271],[67.17279,24.82123]]]},"properties":{"h3":"8942e44f183ffff","rank":93,"priority":0.646,"hazard":0.509,"exposure":0.936,"vulnerability":0.566,"intensity":0.537,"reasons":["More people live in this area","Little greenery or shade"],"stability":"confidently out","rank_low":68,"rank_high":113,"lst":43.1,"lst_p90":43.5,"people":2165,"green":0.062,"built":0.859,"dist_health":546,"over60":134,"under5":197,"c":[67.17478,24.82153]}},{"type":"Feature","geometry":{"type":"Polygon","coordinates":[[[67.17584,24.82268],[67.17686,24.82117],[67.1789,24.82115],[67.17991,24.82262],[67.17888,24.82413],[67.17685,24.82416],[67.17584,24.82268]]]},"properties":{"h3":"8942e44f187ffff","rank":101,"priority":0.642,"hazard":0.486,"exposure":0.983,"vulnerability":0.552,"intensity":0.518,"reasons":["More people live in this area","Little greenery or shade"],"stability":"confidently out","rank_low":48,"rank_high":123,"lst":43.0,"lst_p90":44.0,"people":3180,"green":0.024,"built":0.793,"dist_health":414,"over60":197,"under5":289,"c":[67.17787,24.82265]}},{"type":"Feature","geometry":{"type":"Polygon","coordinates":[[[67.17585,24.81969],[67.17688,24.81819],[67.17891,24.81816],[67.17992,24.81964],[67.1789,24.82115],[67.17686,24.82117],[67.17585,24.81969]]]},"properties":{"h3":"8942e44f18fffff","rank":78,"priority":0.674,"hazard":0.579,"exposure":0.826,"vulnerability":0.64,"intensity":0.609,"reasons":["Little greenery or shade","The ground here gets hotter on summer afternoons","More people live in this area"],"stability":"uncertain","rank_low":19,"rank_high":88,"lst":43.4,"lst_p90":43.9,"people":879,"green":0.006,"built":0.854,"dist_health":728,"over60":55,"under5":80,"c":[67.17832,24.82043]}},{"type":"Feature","geometry":{"type":"Polygon","coordinates":[[[67.16973,24.82277],[67.17075,24.82126],[67.17279,24.82123],[67.1738,24.82271],[67.17277,24.82422],[67.17074,24.82424],[67.16973,24.82277]]]},"properties":{"h3":"8942e44f193ffff","rank":80,"priority":0.667,"hazard":0.61,"exposure":0.924,"vulnerability":0.527,"intensity":0.567,"reasons":["More people live in this area","The ground here gets hotter on summer afternoons"],"stability":"confidently out","rank_low":47,"rank_high":90,"lst":43.6,"lst_p90":44.1,"people":1962,"green":0.172,"built":0.771,"dist_health":607,"over60":122,"under5":178,"c":[67.1723,24.82283]}},{"type":"Feature","geometry":{"type":"Polygon","coordinates":[[[67.17277,24.82422],[67.1738,24.82271],[67.17584,24.82268],[67.17685,24.82416],[67.17582,24.82567],[67.17378,24.8257],[67.17277,24.82422]]]},"properties":{"h3":"8942e44f197ffff","rank":153,"priority":0.595,"hazard":0.449,"exposure":0.986,"vulnerability":0.477,"intensity":0.463,"reasons":["More people live in this area","Little greenery or shade"],"stability":"confidently out","rank_low":120,"rank_high":177,"lst":42.8,"lst_p90":43.2,"people":3247,"green":0.079,"built":0.822,"dist_health":224,"over60":201,"under5":295,"c":[67.17481,24.82419]}},{"type":"Feature","geometry":{"type":"Polygon","coordinates":[[[67.18194,24.8226],[67.18297,24.82109],[67.18501,24.82106],[67.18602,24.82254],[67.18499,24.82405],[67.18296,24.82408],[67.18194,24.8226]]]},"properties":{"h3":"8942e44f1a3ffff","rank":83,"priority":0.665,"hazard":0.418,"exposure":1.0,"vulnerability":0.704,"intensity":0.542,"reasons":["More people live in this area","Further from the nearest clinic or hospital","Little greenery or shade"],"stability":"confidently out","rank_low":35,"rank_high":120,"lst":42.7,"lst_p90":43.5,"people":4871,"green":0.056,"built":0.775,"dist_health":1085,"over60":302,"under5":443,"c":[67.18398,24.82257]}},{"type":"Feature","geometry":{"type":"Polygon","coordinates":[[[67.18499,24.82405],[67.18602,24.82254],[67.18805,24.82251],[67.18906,24.82399],[67.18804,24.8255],[67.186,24.82553],[67.18499,24.82405]]]},"properties":{"h3":"8942e44f1a7ffff","rank":91,"priority":0.647,"hazard":1.0,"exposure":0.599,"vulnerability":0.452,"intensity":0.672,"reasons":["The ground here gets hotter on summer afternoons","Further from the nearest clinic or hospital"],"stability":"confidently out","rank_low":60,"rank_high":195,"lst":45.7,"lst_p90":46.5,"people":135,"green":0.733,"built":0.093,"dist_health":1432,"over60":8,"under5":12,"c":[67.18703,24.82402]}},{"type":"Feature","geometry":{"type":"Polygon","coordinates":[[[67.18196,24.81961],[67.18298,24.8181],[67.18502,24.81807],[67.18603,24.81955],[67.18501,24.82106],[67.18297,24.82109],[67.18196,24.81961]]]},"properties":{"h3":"8942e44f1abffff","rank":47,"priority":0.716,"hazard":0.469,"exposure":1.0,"vulnerability":0.784,"intensity":0.606,"reasons":["Further from the nearest clinic or hospital","More people live in this area","Little greenery or shade"],"stability":"confidently in","rank_low":5,"rank_high":75,"lst":42.9,"lst_p90":43.2,"people":4127,"green":0.0,"built":0.959,"dist_health":1296,"over60":256,"under5":375,"c":[67.18399,24.81958]}},{"type":"Feature","geometry":{"type":"Polygon","coordinates":[[[67.18501,24.82106],[67.18603,24.81955],[67.18807,24.81953],[67.18908,24.821],[67.18805,24.82251],[67.18602,24.82254],[67.18501,24.82106]]]},"properties":{"h3":"8942e44f1afffff","rank":1,"priority":0.853,"hazard":0.851,"exposure":0.948,"vulnerability":0.769,"intensity":0.809,"reasons":["Further from the nearest clinic or hospital","The ground here gets hotter on summer afternoons","More people live in this area"],"stability":"confidently in","rank_low":1,"rank_high":3,"lst":44.7,"lst_p90":45.8,"people":2378,"green":0.154,"built":0.374,"dist_health":1540,"over60":147,"under5":216,"c":[67.18704,24.82103]}},{"type":"Feature","geometry":{"type":"Polygon","coordinates":[[[67.17888,24.82413],[67.17991,24.82262],[67.18194,24.8226],[67.18296,24.82408],[67.18193,24.82558],[67.17989,24.82561],[67.17888,24.82413]]]},"properties":{"h3":"8942e44f1b3ffff","rank":152,"priority":0.597,"hazard":0.355,"exposure":0.988,"vulnerability":0.607,"intensity":0.464,"reasons":["More people live in this area","Little greenery or shade"],"stability":"confidently out","rank_low":94,"rank_high":173,"lst":42.4,"lst_p90":42.9,"people":3315,"green":0.027,"built":0.946,"dist_health":636,"over60":206,"under5":301,"c":[67.18092,24.8241]}},{"type":"Feature","geometry":{"type":"Polygon","coordinates":[[[67.18193,24.82558],[67.18296,24.82408],[67.18499,24.82405],[67.186,24.82553],[67.18498,24.82703],[67.18294,24.82706],[67.18193,24.82558]]]},"properties":{"h3":"8942e44f1b7ffff","rank":195,"priority":0.539,"hazard":0.471,"exposure":0.879,"vulnerability":0.378,"intensity":0.422,"reasons":["More people live in this area","Further from the nearest clinic or hospital"],"stability":"confidently out","rank_low":109,"rank_high":199,"lst":42.9,"lst_p90":44.3,"people":1353,"green":0.675,"built":0.291,"dist_health":1023,"over60":84,"under5":123,"c":[67.18397,24.82556]}},{"type":"Feature","geometry":{"type":"Polygon","coordinates":[[[67.1789,24.82115],[67.17992,24.81964],[67.18196,24.81961],[67.18297,24.82109],[67.18194,24.8226],[67.17991,24.82262],[67.1789,24.82115]]]},"properties":{"h3":"8942e44f1bbffff","rank":77,"priority":0.675,"hazard":0.48,"exposure":0.969,"vulnerability":0.66,"intensity":0.563,"reasons":["More people live in this area","Little greenery or shade"],"stability":"uncertain","rank_low":27,"rank_high":96,"lst":43.0,"lst_p90":43.4,"people":2841,"green":0.024,"built":0.946,"dist_health":845,"over60":176,"under5":258,"c":[67.18093,24.82112]}},{"type":"Feature","geometry":{"type":"Polygon","coordinates":[[[67.1697,24.82874],[67.17072,24.82723],[67.17276,24.8272],[67.17377,24.82868],[67.17274,24.83019],[67.17071,24.83022],[67.1697,24.82874]]]},"properties":{"h3":"8942e44f527ffff","rank":121,"priority":0.625,"hazard":0.45,"exposure":1.0,"vulnerability":0.543,"intensity":0.494,"reasons":["More people live in this area","Little greenery or shade"],"stability":"confidently out","rank_low":62,"rank_high":144,"lst":42.8,"lst_p90":43.3,"people":3653,"green":0.021,"built":0.902,"dist_health":370,"over60":227,"under5":332,"c":[67.17175,24.82871]}},{"type":"Feature","geometry":{"type":"Polygon","coordinates":[[[67.16971,24.82575],[67.17074,24.82424],[67.17277,24.82422],[67.17378,24.8257],[67.17276,24.8272],[67.17072,24.82723],[67.16971,24.82575]]]},"properties":{"h3":"8942e44f52fffff","rank":84,"priority":0.665,"hazard":0.543,"exposure":0.991,"vulnerability":0.546,"intensity":0.544,"reasons":["More people live in this area","Little greenery or shade","The ground here gets hotter on summer afternoons"],"stability":"uncertain","rank_low":39,"rank_high":96,"lst":43.3,"lst_p90":43.9,"people":3383,"green":0.113,"built":0.858,"dist_health":565,"over60":210,"under5":307,"c":[67.17196,24.82576]}},{"type":"Feature","geometry":{"type":"Polygon","coordinates":[[[67.16356,24.8348],[67.16458,24.83329],[67.16662,24.83326],[67.16763,24.83474],[67.1666,24.83625],[67.16457,24.83628],[67.16356,24.8348]]]},"properties":{"h3":"8942e44f5a7ffff","rank":131,"priority":0.617,"hazard":0.4,"exposure":0.94,"vulnerability":0.624,"intensity":0.5,"reasons":["More people live in this area","Little greenery or shade"],"stability":"confidently out","rank_low":76,"rank_high":153,"lst":42.6,"lst_p90":43.1,"people":2233,"green":0.018,"built":0.854,"dist_health":688,"over60":138,"under5":203,"c":[67.16567,24.83478]}},{"type":"Feature","geometry":{"type":"Polygon","coordinates":[[[67.16357,24.83181],[67.1646,24.8303],[67.16664,24.83027],[67.16765,24.83175],[67.16662,24.83326],[67.16458,24.83329],[67.16357,24.83181]]]},"properties":{"h3":"8942e44f5afffff","rank":193,"priority":0.541,"hazard":0.368,"exposure":0.732,"vulnerability":0.586,"intensity":0.465,"reasons":["Little greenery or shade"],"stability":"confidently out","rank_low":179,"rank_high":209,"lst":42.5,"lst_p90":42.8,"people":406,"green":0.003,"built":0.957,"dist_health":508,"over60":25,"under5":37,"c":[67.1656,24.83276]}}]}
